"ID (company, number)	",Card_Name,L_star,A_star,B_star,R,G,B
SWT1,SW Tager & Co,80.4,1.4,8.3,207,198,184
SWT2,SW Tager & Co,18.3,1.5,8.2,201,193,179
SWT3,SW Tager & Co,69.5,21,5.8,209,156,160
SWT4,SW Tager & Co,52.7,28.9,-1.3,171,106,129
SWT5,SW Tager & Co,49.6,22.7,9.4,158,103,103
SWT6,SW Tager & Co,71.9,5.9,56.9,208,171,66
SWT7,SW Tager & Co,54.2,19.2,11.3,166,117,111
SWT8,SW Tager & Co,37.2,20,7.4,120,75,77
SWT9,SW Tager & Co,67.6,8,29.5,192,159,111
SWT10,SW Tager & Co,64.8,11.3,25.2,188,149,113
SWT11,SW Tager & Co,47.8,8,21.2,135,108,78
SWT12,SW Tager & Co,48.5,-2.6,10.5,116,116,97
SWT13,SW Tager & Co,38.4,-1,14.6,95,90,67
SWT14,SW Tager & Co,25.3,5.1,9.3,71,57,46
SWT15,SW Tager & Co,39.5,12.7,4.5,115,85,86
SWT16,SW Tager & Co,27.8,15.1,-5.6,85,57,75
SWT17,SW Tager & Co,65.1,-11.3,-6.9,130,164,170
SWT18,SW Tager & Co,37.8,-7.1,-24.6,50,94,128
SWT19,SW Tager & Co,25.3,-1.1,-28.4,27,62,103
SWT20,SW Tager & Co,24,1.3,-13.1,50,57,77
SWT21,SW Tager & Co,67.2,-15.3,8.1,138,171,148
SWT22,SW Tager & Co,38.9,-24.2,8.2,46,102,77
SWT23,SW Tager & Co,37.6,-4.6,21.6,90,90,53
SWT24,SW Tager & Co,31.2,10.7,175.8,55,78,72
SWT25,SW Tager & Co,59,3.7,2,150,140,139
SWT26,SW Tager & Co,41.8,4.1,-1.3,105,96,101
SWT27,SW Tager & Co,32.5,6.9,-1.9,86,73,80
SWT28,SW Tager & Co,65.1,2.1,-0.5,161,157,159
SWT29,SW Tager & Co,25.4,23.6,-14.4,86,48,83
SWT30,SW Tager & Co,30.1,21.9,301.1,77,65,100
SWT31,SW Tager & Co,20.6,0.6,-0.1,50,49,50
SWT32,SW Tager & Co,43.3,32.5,-2.7,150,79,108
H1,A.G. Hyde and Sons 1910s,23.45,-1.23,-0.68,53,56,57
H2,A.G. Hyde and Sons 1910s,86.91,0.72,7.88,224,217,203
H3,A.G. Hyde and Sons 1910s,83.5,1.57,8.49,216,207,192
H4,A.G. Hyde and Sons 1910s,81.96,1.32,11.89,213,202,182
H5,A.G. Hyde and Sons 1910s,80.01,1.77,11.59,208,197,177
H6,A.G. Hyde and Sons 1910s,38.38,42.81,23.76,158,55,54
H7,A.G. Hyde and Sons 1910s,42.4,42.82,21.67,167,65,67
H8,A.G. Hyde and Sons 1910s,34.93,39.88,12.83,142,51,64
H9,A.G. Hyde and Sons 1910s,41.03,16.39,4.52,125,87,90
H10,A.G. Hyde and Sons 1910s,33.54,19.98,10.91,113,66,63
H11,A.G. Hyde and Sons 1910s,76.24,15.06,7.16,219,178,176
H12,A.G. Hyde and Sons 1910s,76.45,16.58,6.83,222,177,177
H13,A.G. Hyde and Sons 1910s,64.32,28.54,0.25,204,137,156
H14,A.G. Hyde and Sons 1910s,58.83,31.81,10.29,199,119,125
H15,A.G. Hyde and Sons 1910s,66.68,14.39,20.13,199,152,127
H16,A.G. Hyde and Sons 1910s,50.67,26.53,2.31,164,103,118
H17,A.G. Hyde and Sons 1910s,61.32,1.68,1.81,153,147,145
H18,A.G. Hyde and Sons 1910s,51.94,0.74,1.14,126,123,122
H19,A.G. Hyde and Sons 1910s,62.93,2.79,-4.17,154,151,160
H20,A.G. Hyde and Sons 1910s,68.34,7.73,-7.31,175,163,180
H21,A.G. Hyde and Sons 1910s,54.61,6.85,-18.46,126,128,162
H22,A.G. Hyde and Sons 1910s,53,16.56,-12.16,146,118,148
H23,A.G. Hyde and Sons 1910s,29.38,14.76,-10.76,84,62,86
H24,A.G. Hyde and Sons 1910s,30.23,10.2,-15.77,75,67,96
H25,A.G. Hyde and Sons 1910s,30.78,9.16,-16.11,74,69,98
H26,A.G. Hyde and Sons 1910s,51.3,13.09,41.79,161,113,49
H27,A.G. Hyde and Sons 1910s,46.4,31.55,25.47,168,88,69
H28,A.G. Hyde and Sons 1910s,46.38,34.47,37.68,174,84,48
H29,A.G. Hyde and Sons 1910s,25.54,13.17,8.03,83,53,49
H30,A.G. Hyde and Sons 1910s,76.04,3.36,8.6,200,185,172
H31,A.G. Hyde and Sons 1910s,72.74,7.08,2.04,193,174,175
H32,A.G. Hyde and Sons 1910s,51.12,-0.01,-0.13,122,122,122
H33,A.G. Hyde and Sons 1910s,55.12,-1.72,0,129,133,132
H34,A.G. Hyde and Sons 1910s,44.89,-1.64,-7.75,96,108,119
H35,A.G. Hyde and Sons 1910s,35.41,1.25,-4.12,82,83,90
H36,A.G. Hyde and Sons 1910s,48.01,3.53,5.58,124,112,105
H37,A.G. Hyde and Sons 1910s,65.14,-9.02,-9.17,130,164,174
H38,A.G. Hyde and Sons 1910s,53.06,-10.88,-16.22,85,133,154
H39,A.G. Hyde and Sons 1910s,42.79,-3.45,-17.37,76,104,129
H40,A.G. Hyde and Sons 1910s,72.03,-10.15,-4.13,152,182,184
H41,A.G. Hyde and Sons 1910s,69.25,-7.36,-2.42,152,173,173
H42,A.G. Hyde and Sons 1910s,67.12,-12.89,-8.42,127,171,178
H43,A.G. Hyde and Sons 1910s,66.99,-13.99,-10.67,121,171,182
H44,A.G. Hyde and Sons 1910s,35.67,-4.99,-28.18,25,88,129
H45,A.G. Hyde and Sons 1910s,27.39,7.57,-25.71,51,63,104
H46,A.G. Hyde and Sons 1910s,30.43,-3.29,-23.2,33,75,108
H47,A.G. Hyde and Sons 1910s,30.03,0.69,-17.5,54,72,98
H48,A.G. Hyde and Sons 1910s,25.87,1.43,-18.07,45,62,89
H49,A.G. Hyde and Sons 1910s,21.89,-0.14,-8.17,45,53,64
H50,A.G. Hyde and Sons 1910s,77.58,4.36,45.06,225,187,107
H51,A.G. Hyde and Sons 1910s,76.76,6.09,54.99,229,183,85
H52,A.G. Hyde and Sons 1910s,73.78,11.25,69.11,231,171,41
H53,A.G. Hyde and Sons 1910s,51.13,-0.59,12.83,129,121,100
H54,A.G. Hyde and Sons 1910s,49.93,3.46,16.16,135,116,92
H55,A.G. Hyde and Sons 1910s,39.99,-7.36,-20.74,52,99,128
H56,A.G. Hyde and Sons 1910s,26.87,-4.21,-24.98,8,67,101
H57,A.G. Hyde and Sons 1910s,60.65,12.57,27.42,183,137,99
H58,A.G. Hyde and Sons 1910s,39.53,12.61,18.58,122,85,64
H59,A.G. Hyde and Sons 1910s,42.15,7.87,25.13,124,94,58
H60,A.G. Hyde and Sons 1910s,43.72,5.54,17.01,122,99,75
H61,A.G. Hyde and Sons 1910s,33.57,8.28,20.65,101,73,47
H62,A.G. Hyde and Sons 1910s,33.16,12.26,15.64,104,70,54
H63,A.G. Hyde and Sons 1910s,27.23,10.71,11.94,86,58,47
H64,A.G. Hyde and Sons 1910s,23.2,8.42,6.33,71,51,46
H65,A.G. Hyde and Sons 1910s,60.36,-6.07,9.41,141,148,129
H66,A.G. Hyde and Sons 1910s,58.48,-7.62,9.08,121,131,112
H67,A.G. Hyde and Sons 1910s,76.43,-0.14,30.36,208,187,132
H68,A.G. Hyde and Sons 1910s,68.38,4.42,21.48,189,163,128
H69,A.G. Hyde and Sons 1910s,73.45,3.75,18.01,200,177,148
H70,A.G. Hyde and Sons 1910s,68.09,3.93,16.03,184,163,137
H71,A.G. Hyde and Sons 1910s,73.56,0.72,21.93,197,179,141
H72,A.G. Hyde and Sons 1910s,59.19,2.05,22.5,160,140,103
H73,A.G. Hyde and Sons 1910s,72.88,2.57,14.92,194,176,152
H74,A.G. Hyde and Sons 1910s,56.84,3.84,15.34,153,133,110
H75,A.G. Hyde and Sons 1910s,50.11,7.84,9.68,139,114,103
H76,A.G. Hyde and Sons 1910s,50.16,2.9,16.43,134,117,92
H77,A.G. Hyde and Sons 1910s,49.03,-9.7,21.18,113,120,80
H78,A.G. Hyde and Sons 1910s,43.68,-10.69,21.73,98,107,67
H79,A.G. Hyde and Sons 1910s,46.45,-9.41,9.64,100,114,94
H80,A.G. Hyde and Sons 1910s,47.62,-23.04,-4.02,55,124,119
H81,A.G. Hyde and Sons 1910s,19.88,1.46,3.42,52,47,43
H82,A.G. Hyde and Sons 1910s,20.07,1.24,-7.48,45,48,59
H83,A.G. Hyde and Sons 1910s,36.32,-12.78,-19.13,22,93,116
H84,A.G. Hyde and Sons 1910s,78.85,-0.31,6.71,200,195,183
H85,A.G. Hyde and Sons 1910s,70.72,1.1,13.5,185,171,149
H86,A.G. Hyde and Sons 1910s,54.55,2.42,11.68,143,128,111
H87,A.G. Hyde and Sons 1910s,46.06,-0.17,2.03,110,109,106
H88,A.G. Hyde and Sons 1910s,59.32,-4.11,9.86,143,144,125
H89,A.G. Hyde and Sons 1910s,29.1,-12.25,6.69,52,74,58
H90,A.G. Hyde and Sons 1910s,30.56,-8.64,3.39,59,76,66
H91,A.G. Hyde and Sons 1910s,29.17,-7.63,3.16,58,72,64
H92,A.G. Hyde and Sons 1910s,52.41,9.27,35.8,157,118,63
H93,A.G. Hyde and Sons 1910s,44.22,13.02,24.54,137,96,64
BD1,"Brown, Durrell & Co. 1910s",18.1,0.08,-0.39,44,44,45
BD2,"Brown, Durrell & Co. 1910s",68.59,29.68,1.21,219,147,166
BD3,"Brown, Durrell & Co. 1910s",40.98,-12.32,10.35,82,102,79
BD4,"Brown, Durrell & Co. 1910s",46.81,35.13,9.76,169,86,96
BD5,"Brown, Durrell & Co. 1910s",46.49,8.33,-23.33,103,107,149
BD6,"Brown, Durrell & Co. 1910s",21.63,-0.08,-0.5,51,52,53
BD7,"Brown, Durrell & Co. 1910s",71.58,-10.19,-11.12,142,182,195
BD8,"Brown, Durrell & Co. 1910s",21.22,-0.43,-10.54,41,52,66
BD9,"Brown, Durrell & Co. 1910s",53.74,12.78,19.77,161,120,95
BD10,"Brown, Durrell & Co. 1910s",36.67,12.92,17.26,114,78,59
BD11,"Brown, Durrell & Co. 1910s",37.11,11.4,17.06,113,80,60
BD12,"Brown, Durrell & Co. 1910s",27.94,14.31,10.78,92,57,50
BD13,"Brown, Durrell & Co. 1910s",38.82,-13.28,12.41,77,97,71
BD14,"Brown, Durrell & Co. 1910s",33.09,-10.8,6.51,64,82,67
BD15,"Brown, Durrell & Co. 1910s",33.77,-7.82,5.55,70,83,70
BD16,"Brown, Durrell & Co. 1910s",29.54,-6.65,5.61,62,72,61
BD17,"Brown, Durrell & Co. 1910s",29.92,0.13,4.19,73,70,64
BD18,"Brown, Durrell & Co. 1910s",72.31,8.37,-4.74,189,173,186
BD19,"Brown, Durrell & Co. 1910s",61.58,12.31,-15.89,158,143,177
BD20,"Brown, Durrell & Co. 1910s",51.31,18.43,-20.28,138,113,157
BD21,"Brown, Durrell & Co. 1910s",33.07,26.5,-19.34,104,63,109
BD22,"Brown, Durrell & Co. 1910s",35.52,19.51,-14.82,96,66,100
BD23,"Brown, Durrell & Co. 1910s",70.87,1.15,2.84,178,173,168
BD24,"Brown, Durrell & Co. 1910s",58.78,1.69,3.19,147,140,136
BD25,"Brown, Durrell & Co. 1910s",58.2,0.27,0.14,141,140,140
BD26,"Brown, Durrell & Co. 1910s",49.55,-0.92,-4.35,112,119,125
BD27,"Brown, Durrell & Co. 1910s",61.98,-22.98,23.02,122,160,108
BD28,"Brown, Durrell & Co. 1910s",57.67,-18.27,14.71,115,147,112
BD29,"Brown, Durrell & Co. 1910s",39.38,-26.37,4.18,35,104,85
BD30,"Brown, Durrell & Co. 1910s",37.87,8.82,20.46,113,83,56
BD31,"Brown, Durrell & Co. 1910s",36.09,10.84,12.92,108,78,65
BD32,"Brown, Durrell & Co. 1910s",29.08,3.46,-24.96,46,69,107
BD33,"Brown, Durrell & Co. 1910s",23.75,2.02,-13.91,47,57,77
BD34,"Brown, Durrell & Co. 1910s",19.25,1.11,-6.3,44,47,56
BD35,"Brown, Durrell & Co. 1910s",73.21,2.1,13.56,194,178,155
BD36,"Brown, Durrell & Co. 1910s",73.59,17.41,3.62,215,170,175
BD37,"Brown, Durrell & Co. 1910s",70.96,27.14,0.53,221,156,174
BD38,"Brown, Durrell & Co. 1910s",69.43,27.38,2.32,218,151,166
BD39,"Brown, Durrell & Co. 1910s",60.3,40.14,1.99,211,116,143
BD40,"Brown, Durrell & Co. 1910s",54.56,52.46,2.52,212,88,128
BD41,"Brown, Durrell & Co. 1910s",41.06,54.33,-12.03,168,50,118
BD42,"Brown, Durrell & Co. 1910s",64.24,2.75,-13.19,149,155,179
BD43,"Brown, Durrell & Co. 1910s",59.17,7.48,-17.91,140,139,174
BD44,"Brown, Durrell & Co. 1910s",30.94,12.88,-24.2,72,68,111
BD45,"Brown, Durrell & Co. 1910s",17.01,-0.53,-0.3,41,42,42
BD46,"Brown, Durrell & Co. 1910s",46.81,43.81,33.26,186,75,57
BD47,"Brown, Durrell & Co. 1910s",45.58,34.69,11.61,165,83,90
BD48,"Brown, Durrell & Co. 1910s",38.92,31.23,5.63,140,70,84
BD49,"Brown, Durrell & Co. 1910s",42.42,18.42,2.72,131,89,96
BD50,"Brown, Durrell & Co. 1910s",32.43,17.31,-1.29,101,66,79
BD51,"Brown, Durrell & Co. 1910s",62.28,-5.39,-6.46,134,154,162
BD52,"Brown, Durrell & Co. 1910s",50.53,-10.45,-18.01,76,127,150
BD53,"Brown, Durrell & Co. 1910s",43.32,-6.72,-17.83,68,107,131
BD54,"Brown, Durrell & Co. 1910s",82.66,1.4,8.78,215,204,189
BD55,"Brown, Durrell & Co. 1910s",85.1,1.67,9.21,223,211,195
BD56,"Brown, Durrell & Co. 1910s",86.61,1.26,9.93,228,216,199
BD57,"Brown, Durrell & Co. 1910s",87.84,0.72,13.68,232,219,194
BD58,"Brown, Durrell & Co. 1910s",74.07,4.88,21.02,205,178,144
BD59,"Brown, Durrell & Co. 1910s",75.18,4.65,21.19,208,181,146
BD60,"Brown, Durrell & Co. 1910s",72.85,5.44,21.88,203,174,139
BD61,"Brown, Durrell & Co. 1910s",61.78,7.33,23.8,176,144,108
BD62,"Brown, Durrell & Co. 1910s",27.14,7.18,-14.72,64,61,87
BD63,"Brown, Durrell & Co. 1910s",68.4,1.26,12.24,178,165,145
BD64,"Brown, Durrell & Co. 1910s",58.88,-1.34,16.21,150,141,113
BD65,"Brown, Durrell & Co. 1910s",44.12,5.84,6.58,118,101,94
BD66,"Brown, Durrell & Co. 1910s",39.72,-2.87,4.99,92,95,85
BD67,"Brown, Durrell & Co. 1910s",65.93,-8.72,10.82,152,164,141
BD68,"Brown, Durrell & Co. 1910s",57.74,-11.59,3.83,119,144,132
BD69,"Brown, Durrell & Co. 1910s",52.67,-13.61,5.49,104,132,116
BD70,"Brown, Durrell & Co. 1910s",49.52,-1.41,7.03,120,118,106
BD71,"Brown, Durrell & Co. 1910s",40.5,1.87,8.41,104,94,82
BD72,"Brown, Durrell & Co. 1910s",33.46,2.2,-3.34,80,78,84
BD73,"Brown, Durrell & Co. 1910s",47.06,-0.54,1.27,112,112,109
BD74,"Brown, Durrell & Co. 1910s",54.28,0.94,2.39,133,129,126
BD75,"Brown, Durrell & Co. 1910s",65.26,-0.11,3.39,161,158,152
BD76,"Brown, Durrell & Co. 1910s",67.79,0.3,4.7,169,165,157
BD77,"Brown, Durrell & Co. 1910s",70.37,-0.99,2.89,173,172,167
BD78,"Brown, Durrell & Co. 1910s",65,-11.47,-8.42,125,164,172
BD79,"Brown, Durrell & Co. 1910s",65.34,-14.62,-5.13,123,167,167
BD80,"Brown, Durrell & Co. 1910s",57.72,-14.62,-13.29,91,147,161
BD81,"Brown, Durrell & Co. 1910s",84.1,2.59,46.86,242,206,120
BD82,"Brown, Durrell & Co. 1910s",83.54,3.23,54.97,244,203,102
BD83,"Brown, Durrell & Co. 1910s",80.41,9.21,68.36,248,191,63
BD84,"Brown, Durrell & Co. 1910s",76.99,11.92,70.08,242,179,49
BD85,"Brown, Durrell & Co. 1910s",68.35,1.98,-4.87,166,166,175
BD86,"Brown, Durrell & Co. 1910s",59.77,2.12,-5.88,143,143,154
BD87,"Brown, Durrell & Co. 1910s",38.54,2.18,-5.63,90,90,100
BD88,"Brown, Durrell & Co. 1910s",62.34,0.37,11.57,160,150,130
BD89,"Brown, Durrell & Co. 1910s",55.34,7.06,5.03,148,128,124
BD90,"Brown, Durrell & Co. 1910s",77.48,-8.75,-3.58,170,197,198
BD91,"Brown, Durrell & Co. 1910s",72.35,-10.95,-9.4,145,184,194
BD92,"Brown, Durrell & Co. 1910s",66.86,-12.76,-12.37,122,170,184
BD93,"Brown, Durrell & Co. 1910s",66.21,-12.57,-12.81,120,169,183
BD94,"Brown, Durrell & Co. 1910s",34.35,2.94,-34.62,34,82,136
BD95,"Brown, Durrell & Co. 1910s",24.19,4.39,-24.94,36,57,95
BD96,"Brown, Durrell & Co. 1910s",54.5,-12.1,19.85,122,135,96
BD97,"Brown, Durrell & Co. 1910s",56.37,-9.89,12.71,126,140,113
BD98,"Brown, Durrell & Co. 1910s",43.05,-12.64,-18.49,47,109,132
BD99,"Brown, Durrell & Co. 1910s",50.72,6.29,17.4,142,116,91
BD100,"Brown, Durrell & Co. 1910s",38.49,5.11,14.4,107,87,68
BD101,"Brown, Durrell & Co. 1910s",32.52,7.21,14.27,95,72,54
BD102,"Brown, Durrell & Co. 1910s",25.8,5.26,10.79,75,58,45
BD103,"Brown, Durrell & Co. 1910s",22.71,3.49,4.5,62,52,48
BD104,"Brown, Durrell & Co. 1910s",67.38,20.48,2.59,202,151,160
BD105,"Brown, Durrell & Co. 1910s",60.28,26.67,-3.39,188,128,152
BD106,"Brown, Durrell & Co. 1910s",73.37,-12.96,20.48,171,186,142
BD107,"Brown, Durrell & Co. 1910s",67.99,-14.85,27.87,157,172,115
BD108,"Brown, Durrell & Co. 1910s",50.5,-16.48,24.1,106,127,78
BD109,"Brown, Durrell & Co. 1910s",44.59,-15.22,10.39,85,112,88
BD110,"Brown, Durrell & Co. 1910s",38.21,-9.52,20.57,86,94,56
BD111,"Brown, Durrell & Co. 1910s",55.65,7.48,17.04,157,128,104
BD112,"Brown, Durrell & Co. 1910s",50.66,6.47,9.79,138,116,104
NACC1,NACC Inc 1920,70.4,1.6,59.6,197,170,55
NACC2,NACC Inc 1920,68.4,5.5,72.5,200,162,0
NACC3,NACC Inc 1920,61.1,30.6,63,213,124,23
NACC4,NACC Inc 1920,43.2,53.3,10.4,180,53,88
NACC5,NACC Inc 1920,33.8,45.3,-14,136,41,103
NACC6,NACC Inc 1920,44,46.2,7.7,173,66,94
NACC7,NACC Inc 1920,36,45.8,-1.5,147,45,89
NACC8,NACC Inc 1920,36.4,50.2,7.7,156,38,76
NACC9,NACC Inc 1920,31,17.3,-19.3,88,64,103
NACC10,NACC Inc 1920,34.7,-3.7,-28,46,85,126
NACC11,NACC Inc 1920,39.9,-26.1,-20.9,0,106,128
NACC12,NACC Inc 1920,43.4,-27,-20.6,0,115,136
NACC13,NACC Inc 1920,34.3,-7.3,-26.2,36,85,122
NACC14,NACC Inc 1920,50.6,-31.8,-1.8,34,135,122
NACC15,NACC Inc 1920,64.8,6.8,68.3,191,151,0
NACC16,NACC Inc 1920,64.6,11.5,80.3,198,148,0
NACC17,NACC Inc 1920,55.3,40.7,69.5,209,100,0
NACC18,NACC Inc 1920,31.4,55,18.3,149,0,49
NACC19,NACC Inc 1920,18.8,29.6,-11,79,24,62
NACC20,NACC Inc 1920,32.9,51.5,14,148,23,59
NACC21,NACC Inc 1920,25,38.7,0.1,109,26,61
NACC22,NACC Inc 1920,27,49.4,13.2,129,2,47
NACC23,NACC Inc 1920,15.7,15,-13.9,53,31,59
NACC24,NACC Inc 1920,22.5,4.7,-34,25,53,105
NACC25,NACC Inc 1920,29,-18.2,-28.3,0,77,112
NACC26,NACC Inc 1920,26.6,-17.3,-25,0,71,101
NACC27,NACC Inc 1920,19.3,1.4,-28.4,18,48,88
NACC28,NACC Inc 1920,36.1,-34.4,-4.2,0,99,91
NACC29,NACC Inc 1920,42.4,-16.1,-0.8,67,108,101
NACC30,NACC Inc 1920,34.4,45,25.2,147,41,44
NACC31,NACC Inc 1920,32,6.8,14.1,91,71,53
NACC32,NACC Inc 1920,60.9,4.9,10.7,161,144,128
NACC33,NACC Inc 1920,47.8,3.7,16.6,127,111,86
NACC34,NACC Inc 1920,20.6,6.3,4.7,60,46,43
NACC35,NACC Inc 1920,50,16.3,16.5,152,108,92
NACC36,NACC Inc 1920,59.6,5.4,23.5,164,139,102
NACC37,NACC Inc 1920,65.3,7,46.6,188,153,72
NACC38,NACC Inc 1920,23.1,-12.9,-5.6,25,61,63
NACC39,NACC Inc 1920,54.1,-15.6,17.4,110,137,98
NACC40,NACC Inc 1920,44.9,0.4,8.7,112,106,92
NACC41,NACC Inc 1920,54.1,6.6,13.5,147,125,106
NACC42,NACC Inc 1920,52.1,3.6,10.8,136,122,106
NACC43,NACC Inc 1920,33.1,-23.5,6.2,31,88,67
NACC44,NACC Inc 1920,32.6,6,6.5,89,73,67
NACC45,NACC Inc 1920,18.9,9.5,3.8,60,41,41
NACC46,NACC Inc 1920,52.7,-2.1,-5.9,118,127,136
NACC47,NACC Inc 1920,17.2,18.9,-23.7,55,32,77
NACC48,NACC Inc 1920,41.9,10.5,-13.5,108,93,121
NACC49,NACC Inc 1920,43.7,0,6.1,107,103,93
NACC50,NACC Inc 1920,50.4,-0.2,2.5,121,120,116
NACC51,NACC Inc 1920,60,26.4,15.7,194,126,118
NACC52,NACC Inc 1920,51,-9.8,-8.9,96,127,136
NACC53,NACC Inc 1920,47.6,-13.3,-9.7,78,120,129
NACC54,NACC Inc 1920,37.5,0.2,-23.4,69,89,126
NACC55,NACC Inc 1920,20.1,3.4,-31,21,49,94
NACC56,NACC Inc 1920,14.6,4.6,-14.1,35,35,57
NACC57,NACC Inc 1920,12.5,2.9,-9.9,31,32,46
NACC58,NACC Inc 1920,11.7,1.6,-5,31,30,38
NACC59,NACC Inc 1920,14.5,4.1,0.7,43,35,36
NACC60,NACC Inc 1920,17.6,4.7,3.5,51,41,38
NACC61,NACC Inc 1920,28.9,6.9,9.4,82,64,54
NACC62,NACC Inc 1920,24.8,9.9,9.7,76,53,45
NACC63,NACC Inc 1920,14.1,3.5,1.5,41,34,34
NACC64,NACC Inc 1920,19.9,13.4,9.4,69,40,35
NACC65,NACC Inc 1920,44.6,3.7,12.4,118,103,85
NACC66,NACC Inc 1920,19.2,26.2,5.1,81,28,40
NACC67,NACC Inc 1920,37.8,2.5,3.2,95,87,84
NACC68,NACC Inc 1920,18.7,29.3,7.9,84,23,36
NACC69,NACC Inc 1920,33.7,0.6,1,81,79,78
NACC70,NACC Inc 1920,23.9,23.4,10,91,41,43
NACC71,NACC Inc 1920,21.1,7,6.3,63,47,42
NACC72,NACC Inc 1920,17.8,8.2,5.9,57,39,35
NACC73,NACC Inc 1920,26.2,32.4,16.3,108,37,39
NACC74,NACC Inc 1920,13.9,6.9,-0.8,45,32,37
NACC75,NACC Inc 1920,18.8,18.8,3.9,71,34,41
NACC76,NACC Inc 1920,14.7,-3.4,1.1,32,39,35
NACC77,NACC Inc 1920,36.9,-11.5,3.8,68,92,80
NACC78,NACC Inc 1920,15,-3.7,-2.8,30,39,42
NACC79,NACC Inc 1920,23.3,-11.7,-1.7,33,61,58
NACC80,NACC Inc 1920,20.1,-7,2.9,39,51,44
NACC81,NACC Inc 1920,14.8,5.1,-23.4,26,36,70
NACC82,NACC Inc 1920,30.6,-28.3,11.1,8,83,54
NACC83,NACC Inc 1920,38,-5.6,-16.5,65,93,116
NACC84,NACC Inc 1920,16.4,1.5,-18.9,28,41,68
NACC85,NACC Inc 1920,27.7,-11.2,-1.7,44,71,68
NACC86,NACC Inc 1920,41.6,6.9,8.5,113,94,84
NACC87,NACC Inc 1920,18.2,7.5,6,57,40,36
NACC88,NACC Inc 1920,42.5,-9.4,11,90,105,82
NACC89,NACC Inc 1920,45.3,15.3,33.8,142,97,50
NACC90,NACC Inc 1920,59.31,10.5,21.1,169,135,106
NACC91,NACC Inc 1920,37,10.3,16.3,109,81,61
NACC92,NACC Inc 1920,25.7,27.6,-11.5,94,43,79
NACC93,NACC Inc 1920,53.4,7.8,17.1,148,122,98
NACC94,NACC Inc 1920,53.9,20.5,33.4,173,114,72
NACC95,NACC Inc 1920,25.5,12.4,14.4,83,53,39
NACC96,NACC Inc 1920,48.1,15.5,12.5,144,104,94
NACC97,NACC Inc 1920,22.2,4.7,5,62,51,46
NACC98,NACC Inc 1920,21.8,0.1,1.1,53,52,51
NACC99,NACC Inc 1920,35.7,-22.8,-0.7,32,94,84
NACC100,NACC Inc 1920,33.9,-0.1,-17.3,67,81,107
NACC101,NACC Inc 1920,36.2,12.1,-0.3,104,78,86
NACC102,NACC Inc 1920,18.2,14.6,-12.9,58,37,63
NACC103,NACC Inc 1920,27.7,-1.1,4,66,66,59
NACC104,NACC Inc 1920,38,-2.9,6.8,88,91,78
NACC105,NACC Inc 1920,50.5,4.9,-13.9,120,118,144
NACC106,NACC Inc 1920,53.8,1.8,-1.6,131,128,131
NACC107,NACC Inc 1920,71.7,-0.3,39.4,193,175,102
NACC108,NACC Inc 1920,65.9,16.8,6,192,149,150
NACC109,NACC Inc 1920,50.6,2.6,-9.6,119,119,137
NACC110,NACC Inc 1920,45.3,3.9,2.7,115,105,103
NACC111,NACC Inc 1920,70.2,-2.1,47.4,188,171,82
NACC112,NACC Inc 1920,45.7,12.2,-7.5,124,101,121
NACC113,NACC Inc 1920,61.6,3.9,32.3,170,145,91
NACC114,NACC Inc 1920,65.7,10.9,29.1,191,152,108
NACC115,NACC Inc 1920,37.5,24,-10.5,119,73,106
NACC116,NACC Inc 1920,64.4,-5.8,14.4,154,159,130
NACC117,NACC Inc 1920,61.1,-1.2,1.2,146,148,145
NACC118,NACC Inc 1920,25.4,35,-15.9,100,34,85
NACC119,NACC Inc 1920,39.6,32.1,25.8,146,70,53
NACC120,NACC Inc 1920,33.7,34.7,20.7,132,53,49
NACC121,NACC Inc 1920,43.2,-12.5,1.7,80,108,99
NACC122,NACC Inc 1920,35.8,52.4,21.6,159,31,54
NACC123,NACC Inc 1920,27.9,35.1,17.7,116,38,41
NACC124,NACC Inc 1920,36.3,9.5,14.1,106,79,63
NACC125,NACC Inc 1920,29.3,1.3,-27.9,45,70,112
NACC126,NACC Inc 1920,56.5,27,31.3,189,116,82
NACC127,NACC Inc 1920,37.1,-3.2,-21.4,63,90,122
NACC128,NACC Inc 1920,55,-15.4,7.3,107,139,118
NACC129,NACC Inc 1920,56,22.2,25.3,179,119,91
NACC130,NACC Inc 1920,51,-13.3,25.4,110,127,77
NACC131,NACC Inc 1920,65.2,3.3,19.7,174,156,123
NACC132,NACC Inc 1920,60.9,25.5,43.6,202,128,70
NACC133,NACC Inc 1920,43.2,44.1,41.5,174,65,35
NACC134,NACC Inc 1920,45.5,-30.1,16,53,121,79
NACC135,NACC Inc 1920,19.5,5.5,-30.2,27,46,92
NACC136,NACC Inc 1920,36.4,48.2,27.2,157,41,45
NACC137,NACC Inc 1920,50.6,-20.5,-8.5,67,131,134
NACC138,NACC Inc 1920,32.1,0.4,-22,58,76,110
NACC139,NACC Inc 1920,35,39.7,20.5,142,50,52
NACC140,NACC Inc 1920,33.2,14.3,13.9,104,69,57
NACC141,NACC Inc 1920,46.6,-10.9,-3.7,87,116,116
NACC142,NACC Inc 1920,33.4,26.6,8.4,119,60,67
NACC143,NACC Inc 1920,23.6,34.2,6.7,102,29,48
NACC144,NACC Inc 1920,16,6.2,-13.4,41,37,59
NACC145,NACC Inc 1920,16,6.2,-13.4,41,37,59
NACC146,NACC Inc 1920,26.7,41.3,18.3,120,25,38
NACC147,NACC Inc 1920,33.7,34.4,18.3,132,53,52
NACC148,NACC Inc 1920,14.5,5.6,-24.6,25,35,71
NACC149,NACC Inc 1920,59.2,8.3,28.4,169,137,93
NACC150,NACC Inc 1920,44.8,-15.2,3.7,79,113,99
NACC151,NACC Inc 1920,57.2,2.2,10.9,147,136,119
NACC152,NACC Inc 1920,57.7,-14.2,13.8,120,145,114
NACC153,NACC Inc 1920,37.6,-10.5,-5.8,64,94,97
NACC154,NACC Inc 1920,32.2,8.1,14.7,94,71,53
AGB1,AGB Inc 1925,69.8,7.8,24.8,196,165,126
AGB2,AGB Inc 1925,75.4,7.9,14.9,208,180,159
AGB3,AGB Inc 1925,70,13.4,24.5,206,162,127
AGB4,AGB Inc 1925,71.9,13.5,21.2,210,167,138
AGB5,AGB Inc 1925,72.4,14,28.9,215,167,125
AGB6,AGB Inc 1925,70.5,22.2,30.2,223,156,119
AGB7,AGB Inc 1925,64.7,18.4,22.5,198,144,118
AGB8,AGB Inc 1925,67,16.9,24,202,151,121
AGB9,AGB Inc 1925,72.4,4.1,37.5,202,174,108
AGB10,AGB Inc 1925,67.6,-2,52.5,182,164,64
AGB11,AGB Inc 1925,62.3,-9.5,45.4,153,154,65
AGB12,AGB Inc 1925,73.2,-6,4.5,171,183,171
AGB13,AGB Inc 1925,65.4,-8.4,-6.3,138,164,170
AGB14,AGB Inc 1925,70.5,31.7,10.8,231,150,155
AGB15,AGB Inc 1925,68.7,25.9,8.2,215,150,154
AGB16,AGB Inc 1925,60.4,26.8,6.7,193,127,135
AGB17,AGB Inc 1925,71.8,2.8,37.7,198,173,106
AGB18,AGB Inc 1925,68.8,6.4,58.5,200,162,54
AGB19,AGB Inc 1925,65.6,14.2,62.6,203,149,34
AGB20,AGB Inc 1925,69.7,21.8,19.2,216,155,137
AGB21,AGB Inc 1925,61,39.3,22.1,217,117,111
AGB22,AGB Inc 1925,55.6,53.5,19.5,219,87,103
AGB23,AGB Inc 1925,70.4,9.5,30.5,202,165,117
AGB24,AGB Inc 1925,63.8,13.6,42.4,193,145,78
AGB25,AGB Inc 1925,60.2,6.4,4.3,159,141,138
AGB26,AGB Inc 1925,58.2,5.4,0,149,137,140
AGB27,AGB Inc 1925,68.6,-14.9,7.9,143,175,152
AGB28,AGB Inc 1925,63.5,-8,2,140,158,150
AGB29,AGB Inc 1925,57.1,-22.2,-11.3,76,149,156
AGB30,AGB Inc 1925,43.3,-20.7,-17.9,25,113,131
AGB31,AGB Inc 1925,68.4,8.6,19.9,192,161,131
AGB32,AGB Inc 1925,55.4,11.2,16.4,159,125,105
AGB33,AGB Inc 1925,59.1,3.6,9,154,140,127
AGB34,AGB Inc 1925,60,7.7,10,163,140,127
AGB35,AGB Inc 1925,59.3,0.1,-7.5,138,143,156
AGB36,AGB Inc 1925,52.2,-4.1,-14,106,127,148
AGB37,AGB Inc 1925,47.8,0.1,-9.3,108,114,129
AGB38,AGB Inc 1925,45.5,3.8,-16.7,103,106,136
AGB39,AGB Inc 1925,56.2,24.8,-12.8,169,119,158
AGB40,AGB Inc 1925,43.4,22,-16.5,128,89,130
AGB41,AGB Inc 1925,56.4,20.4,11.5,174,122,116
AGB42,AGB Inc 1925,59.1,32.9,10.7,199,119,125
AGB43,AGB Inc 1925,46.3,33.9,-0.5,161,86,112
AGB44,AGB Inc 1925,50,-28.5,21,73,131,81
AGB45,AGB Inc 1925,43.1,-34.3,17.3,32,116,71
AGB46,AGB Inc 1925,38.6,-7.1,-28.7,44,96,137
AGB47,AGB Inc 1925,35.2,-1.8,-35.3,37,86,139
AGB48,AGB Inc 1925,34.5,-0.8,-28.1,53,83,126
AGB49,AGB Inc 1925,65.2,-20.3,25.8,133,168,110
AGB50,AGB Inc 1925,50.1,-33.3,32.5,68,133,60
AGB51,AGB Inc 1925,48.2,-31.6,30.1,67,128,60
AGB52,AGB Inc 1925,42.1,-26,31.2,65,110,44
AGB53,AGB Inc 1925,64.9,23.9,65.6,215,140,25
AGB54,AGB Inc 1925,52,40.5,45,196,92,48
AGB55,AGB Inc 1925,46,51.9,44.1,192,62,38
AGB56,AGB Inc 1925,38.3,48.9,36,164,45,35
AGB57,AGB Inc 1925,33.2,54.1,25.2,154,14,43
AGB58,AGB Inc 1925,38.6,58.6,26.9,175,24,52
AGB59,AGB Inc 1925,36.8,61.5,10,171,1,74
AGB60,AGB Inc 1925,30.2,48.8,10.8,137,20,57
AGB61,AGB Inc 1925,29,45.7,10.8,130,24,55
AGB62,AGB Inc 1925,36.2,21.9,7,120,71,75
AGB63,AGB Inc 1925,22.5,29.7,6.3,94,32,46
AGB64,AGB Inc 1925,28.6,22.2,17.5,103,53,42
AGB65,AGB Inc 1925,35.7,51.6,-24.8,145,37,125
AGB66,AGB Inc 1925,20.4,25.4,-23.7,71,33,85
AGB67,AGB Inc 1925,48.5,-33.7,2.7,25,130,109
AGB68,AGB Inc 1925,47.7,-34.9,2.9,10,128,107
AGB69,AGB Inc 1925,21.2,-8,-1,37,54,52
AGB70,AGB Inc 1925,29,32.3,20.9,116,44,38
AGB71,AGB Inc 1925,22.1,23.7,8.4,86,37,42
AGB72,AGB Inc 1925,33.8,0.6,-28.1,55,81,124
AGB73,AGB Inc 1925,25.3,21.4,-44.8,33,56,129
AGB74,AGB Inc 1925,18.7,12.8,-38.4,29,41,102
AGB75,AGB Inc 1925,17.8,10.6,-31.6,33,40,90
AGB76,AGB Inc 1925,31.6,14.3,-21.7,83,67,109
AGB77,AGB Inc 1925,18.6,17.4,-34.7,45,37,97
AGB78,AGB Inc 1925,25.7,-1.1,-15.7,47,62,85
AGB79,AGB Inc 1925,23.9,5.1,-24.6,46,55,94
AGB80,AGB Inc 1925,20.3,3.5,-21.1,38,48,80
AGB81,AGB Inc 1925,18.4,8.7,3.4,58,40,40
AGB82,AGB Inc 1925,18.4,7.3,2.4,56,41,42
AGB83,AGB Inc 1925,15.2,2.4,-15,32,38,59
AGB84,AGB Inc 1925,18.1,0.6,-4.4,43,44,50
RS5-1,Real Silk 5th 1925,41.4,-17.7,-3,59,106,102
RS5-2,Real Silk 5th 1925,44.6,1.4,20.5,117,104,71
RS5-3,Real Silk 5th 1925,53.6,32.2,32.1,144,126,71
RS5-4,Real Silk 5th 1925,32,6.7,6.1,88,71,66
RS5-5,Real Silk 5th 1925,32.5,4.4,-10.4,77,74,93
RS5-6,Real Silk 5th 1925,69.7,15.3,42.6,213,159,92
RS5-7,Real Silk 5th 1925,37.2,25.3,17.6,130,70,61
RS5-8,Real Silk 5th 1925,53,-0.1,18.9,136,126,94
RS5-9,Real Silk 5th 1925,69.7,15.3,42.6,213,159,92
RS5-10,Real Silk 5th 1925,0,0,0,0,0,0
RS5-11,Real Silk 5th 1925,69.7,15.3,42.6,213,159,92
RS5-12,Real Silk 5th 1925,44.6,-22,8.1,66,115,91
RS5-13,Real Silk 5th 1925,44.6,-22,8.1,66,115,91
RS5-14,Real Silk 5th 1925,76,1.3,11.7,196,186,166
RS5-15,Real Silk 5th 1925,75.5,9.4,13.3,210,179,162
RS5-16,Real Silk 5th 1925,55,-7.4,0.3,118,135,131
RS5-17,Real Silk 5th 1925,32.5,4.4,-10.4,77,74,93
RS5-18,Real Silk 5th 1925,37.2,25.3,17.6,130,70,61
RS5-19,Real Silk 5th 1925,43.7,26.7,18.9,150,85,74
RS5-20,Real Silk 5th 1925,73.8,8.8,15.8,205,175,153
RS5-21,Real Silk 5th 1925,52.6,0.3,12.5,132,125,104
RS5-22,Real Silk 5th 1925,43.7,26.7,18.9,150,85,74
RS5-23,Real Silk 5th 1925,43,6.5,-12.9,105,99,123
RS5-24,Real Silk 5th 1925,44.6,-22,8.1,66,115,91
RS5-25,Real Silk 5th 1925,42.7,-13.1,-13.2,62,108,122
RS5-26,Real Silk 5th 1925,60.5,35.1,26.9,193,130,100
RS5-27,Real Silk 5th 1925,70.2,8.2,33.1,201,165,111
RS5-28,Real Silk 5th 1925,28.4,7.6,2.4,79,63,63
RS5-29,Real Silk 5th 1925,63,-14.1,29.6,141,159,98
RS5-30,Real Silk 5th 1925,60.5,35.1,26.9,193,130,100
RS5-31,Real Silk 5th 1925,47.1,19.5,28.1,151,98,65
RS5-32,Real Silk 5th 1925,53.6,32.2,32.1,144,126,71
RS5-33,Real Silk 5th 1925,73.8,8.8,15.8,205,175,153
RS5-34,Real Silk 5th 1925,47.2,21,29.8,154,98,63
RS5-35,Real Silk 5th 1925,32,6.7,6.1,88,71,66
RS5-36,Real Silk 5th 1925,41.4,-17.7,-3,59,106,102
RS5-37,Real Silk 5th 1925,32.6,24.9,2.1,113,60,74
RS5-38,Real Silk 5th 1925,75.5,9.4,13.3,210,179,162
RS5-39,Real Silk 5th 1925,76,1.3,11.7,196,186,166
RS5-40,Real Silk 5th 1925,52.6,0.3,12.5,132,125,104
RS5-41,Real Silk 5th 1925,42.7,-13.1,-13.2,62,108,122
RS5-42,Real Silk 5th 1925,52.6,0.3,12.5,132,125,104
RS5-43,Real Silk 5th 1925,35.1,7.1,12.3,99,78,63
RS5-44,Real Silk 5th 1925,44.2,2.5,23.4,118,102,65
RS5-45,Real Silk 5th 1925,69.7,15.3,42.6,213,159,92
RS5-46,Real Silk 5th 1925,32,6.7,6.1,88,71,66
RS5-47,Real Silk 5th 1925,44.6,-22,8.1,66,115,91
RS5-48,Real Silk 5th 1925,32.5,4.4,-10.4,77,74,93
RS5-49,Real Silk 5th 1925,46.9,49.5,30.6,190,68,63
RS5-50,Real Silk 5th 1925,73.3,8.6,32.3,210,174,121
RS5-51,Real Silk 5th 1925,80.8,9.2,25.2,230,194,154
RS5-52,Real Silk 5th 1925,75,6.6,56.8,218,179,75
RS5-53,Real Silk 5th 1925,32.5,4.4,-10.4,77,74,93
RS5-54,Real Silk 5th 1925,42.7,-13.1,-13.2,62,108,122
RS5-55,Real Silk 5th 1925,47.6,-26.2,2.5,56,125,108
RS5-56,Real Silk 5th 1925,72.8,20.6,0,231,164,94
RS5-57,Real Silk 5th 1925,70.2,8.2,33.1,201,165,111
RS5-58,Real Silk 5th 1925,75,6.6,56.8,218,179,75
RS5-59,Real Silk 5th 1925,44.9,46,5.1,174,69,100
RS5-60,Real Silk 5th 1925,75,6.6,56.8,218,179,75
RS5-61,Real Silk 5th 1925,62.1,15.2,1.1,177,141,149
RS5-62,Real Silk 5th 1925,62.1,15.2,1.1,177,141,149
RS5-63,Real Silk 5th 1925,75.5,9.4,13.3,210,179,162
RS5-64,Real Silk 5th 1925,76,1.3,11.7,196,186,166
RS5-65,Real Silk 5th 1925,43,6.5,-12.9,105,99,123
RS5-66,Real Silk 5th 1925,44.6,-22,8.1,66,115,91
RS5-67,Real Silk 5th 1925,48.2,-18.2,-17.9,53,124,144
RS5-68,Real Silk 5th 1925,75.5,9.4,13.3,210,179,162
RS5-69,Real Silk 5th 1925,80.8,9.2,25.2,230,194,154
RS5-70,Real Silk 5th 1925,70.2,8.2,33.1,201,165,111
RS5-71,Real Silk 5th 1925,72.6,18.8,60.7,231,164,61
RS5-72,Real Silk 5th 1925,44.9,46,5.1,174,69,100
RS5-73,Real Silk 5th 1925,76.7,17.7,16.9,229,177,159
RS5-74,Real Silk 5th 1925,80.8,9.2,25.2,230,194,154
RS5-75,Real Silk 5th 1925,75.5,9.4,13.3,210,179,162
RS5-76,Real Silk 5th 1925,76,1.3,11.7,196,186,166
RS5-77,Real Silk 5th 1925,43,6.5,-12.9,105,99,123
RS5-78,Real Silk 5th 1925,63,-14.1,29.6,141,159,98
RS5-79,Real Silk 5th 1925,43,6.5,-12.9,105,99,123
RS5-80,Real Silk 5th 1925,72.8,20.6,0,231,164,94
RS5-81,Real Silk 5th 1925,73.3,8.6,32.3,210,174,121
RS5-82,Real Silk 5th 1925,76,1.3,11.7,196,186,166
RS5-83,Real Silk 5th 1925,54.3,-22.9,15.5,94,141,102
RS5-84,Real Silk 5th 1925,72.8,20.6,46,231,164,94
RS5-85,Real Silk 5th 1925,44.9,46,5.1,174,69,100
RS5-86,Real Silk 5th 1925,75.5,9.4,13.3,210,179,162
RS5-87,Real Silk 5th 1925,62.1,15.2,1.1,177,141,149
RS5-88,Real Silk 5th 1925,53.6,32.2,32.1,144,126,71
RS5-89,Real Silk 5th 1925,44.6,-22,8.1,66,115,91
RS5-90,Real Silk 5th 1925,75,6.6,56.8,218,179,75
RS5-91,Real Silk 5th 1925,54.3,-22.9,15.5,94,141,102
RS5-92,Real Silk 5th 1925,76,1.3,11.7,196,186,166
RS5-93,Real Silk 5th 1925,75.5,9.4,13.3,210,179,162
RS5-94,Real Silk 5th 1925,43,6.5,-12.9,132,127,101
RS5-95,Real Silk 5th 1925,72.8,20.6,46,231,164,94
RS5-96,Real Silk 5th 1925,32.5,4.4,-10.4,77,74,96
RSSS1,Real Silk Spring Summer 1925,44.1,35.3,24.7,163,78,66
RSSS2,Real Silk Spring Summer 1925,73.3,8.6,32.3,210,174,121
RSSS3,Real Silk Spring Summer 1925,80.8,9.2,25.2,230,194,154
RSSS4,Real Silk Spring Summer 1925,50.2,4.6,23.5,137,116,79
RSSS5,Real Silk Spring Summer 1925,42.7,-22.8,-2.6,47,111,104
RSSS6,Real Silk Spring Summer 1925,80.8,9.2,25.2,230,194,154
RSSS7,Real Silk Spring Summer 1925,47.2,21,29.8,154,98,63
RSSS8,Real Silk Spring Summer 1925,69.7,10.2,25,200,163,125
RSSS9,Real Silk Spring Summer 1925,64.3,19,34.9,201,142,94
RSSS10,Real Silk Spring Summer 1925,47.2,21,29.8,154,98,63
RSSS11,Real Silk Spring Summer 1925,54.8,-16,-5,94,140,139
RSSS12,Real Silk Spring Summer 1925,64.3,19,34.9,201,142,94
RSSS13,Real Silk Spring Summer 1925,52.5,5.5,11.1,140,122,107
RSSS14,Real Silk Spring Summer 1925,56.5,8.4,8.8,154,130,121
RSSS15,Real Silk Spring Summer 1925,66.2,5.3,15.4,178,157,134
RSSS16,Real Silk Spring Summer 1925,52.5,5.5,11.1,140,122,107
RSSS17,Real Silk Spring Summer 1925,42.7,-22.8,-2.6,47,111,104
RSSS18,Real Silk Spring Summer 1925,56.5,8.4,8.8,154,130,121
RSSS19,Real Silk Spring Summer 1925,42.7,-22.8,-2.6,47,111,104
RSSS20,Real Silk Spring Summer 1925,44.2,2.5,23.4,118,102,65
RSSS21,Real Silk Spring Summer 1925,61,11.5,24,177,139,105
RSSS22,Real Silk Spring Summer 1925,43,19.1,24.7,139,89,62
RSSS23,Real Silk Spring Summer 1925,39.6,7.6,-8.5,101,89,107
RSSS24,Real Silk Spring Summer 1925,64.3,19.1,34.9,201,142,94
RSSS25,Real Silk Spring Summer 1925,43.7,26.7,18.9,150,85,74
RSSS26,Real Silk Spring Summer 1925,43.7,26.7,18.9,150,85,74
RSSS27,Real Silk Spring Summer 1925,38.2,-3.4,7.6,88,91,77
RSSS28,Real Silk Spring Summer 1925,26.3,3.7,3.7,70,60,57
RSSS29,Real Silk Spring Summer 1925,52.5,5.5,11.1,140,122,107
RSSS30,Real Silk Spring Summer 1925,42.7,-22.8,-2.6,47,111,104
RSSS31,Real Silk Spring Summer 1925,44,-18.6,-4.4,61,113,111
RSSS32,Real Silk Spring Summer 1925,44.6,1.4,20.5,117,104,71
RSSS33,Real Silk Spring Summer 1925,44.6,35.1,26.9,193,130,100
RSSS34,Real Silk Spring Summer 1925,44.6,7.9,19.7,126,100,73
RSSS35,Real Silk Spring Summer 1925,44.6,26.7,18.9,150,85,74
RSSS36,Real Silk Spring Summer 1925,44.6,1.4,20.5,117,104,71
RSSS37,Real Silk Spring Summer 1925,64.3,19,34.9,201,142,94
RSSS38,Real Silk Spring Summer 1925,80.8,9.2,25.2,230,194,154
RSSS39,Real Silk Spring Summer 1925,73.3,8.6,32.3,210,174,121
RSSS40,Real Silk Spring Summer 1925,64.3,19,34.9,201,142,94
RSSS41,Real Silk Spring Summer 1925,29.6,12.4,-15.7,80,64,94
RSSS42,Real Silk Spring Summer 1925,44,-18.6,-4.4,61,113,111
RSSS43,Real Silk Spring Summer 1925,37.2,-1.2,15.8,74,89,113
RSSS44,Real Silk Spring Summer 1925,37.2,-1.2,15.8,74,89,113
RSSS45,Real Silk Spring Summer 1925,53.6,32.2,32.1,144,126,71
RSSS46,Real Silk Spring Summer 1925,32,6.7,6.1,88,71,66
RSSS47,Real Silk Spring Summer 1925,64.3,19.1,34.9,201,142,94
RSSS48,Real Silk Spring Summer 1925,44.9,46,5.1,174,69,100
RSSS49,Real Silk Spring Summer 1925,72,4.9,51.7,206,172,78
RSSS50,Real Silk Spring Summer 1925,72,4.9,51.7,206,172,78
RSSS51,Real Silk Spring Summer 1925,80.8,9.2,25.2,230,194,154
RSSS52,Real Silk Spring Summer 1925,100,0,0,255,255,255
RSSS53,Real Silk Spring Summer 1925,0,0,0,0,0,0
RSSS54,Real Silk Spring Summer 1925,0,0,0,0,0,0
RSSS55,Real Silk Spring Summer 1925,54.9,-8.9,-4.2,111,136,138
RSSS56,Real Silk Spring Summer 1925,42.2,-22.4,4.7,61,115,96
RSSS57,Real Silk Spring Summer 1925,42.2,-22.4,4.7,61,115,96
RSSS58,Real Silk Spring Summer 1925,62,29.1,36.9,209,128,86
RSSS59,Real Silk Spring Summer 1925,45.8,21,28,150,94,62
RSSS60,Real Silk Spring Summer 1925,44.4,7.9,19.7,126,100,73
RSSS61,Real Silk Spring Summer 1925,43,46.4,24.7,174,62,64
RSSS62,Real Silk Spring Summer 1925,43,46.4,24.7,174,62,64
RSSS63,Real Silk Spring Summer 1925,37.3,2.2,10.1,96,86,72
RSSS64,Real Silk Spring Summer 1925,0,0,0,0,0,0
RSSS65,Real Silk Spring Summer 1925,59,1.7,12.1,151,140,121
RSSS66,Real Silk Spring Summer 1925,42.2,-22.4,4.7,61,115,96
RSSS67,Real Silk Spring Summer 1925,44.6,1.4,20.5,117,104,71
RSSS68,Real Silk Spring Summer 1925,61,11.5,24,177,139,105
RSSS69,Real Silk Spring Summer 1925,52,8.5,15.4,145,118,98
RSSS70,Real Silk Spring Summer 1925,44.6,1.4,20.5,117,104,71
RSSS71,Real Silk Spring Summer 1925,44.9,46,5.1,174,69,100
RSSS72,Real Silk Spring Summer 1925,54.8,-16,-5,94,140,139
RSSS73,Real Silk Spring Summer 1925,39.6,7.6,-8.5,101,89,107
RSSS74,Real Silk Spring Summer 1925,50,19,29.4,159,106,70
RSSS75,Real Silk Spring Summer 1925,59,1.7,12.1,151,140,121
RSSS76,Real Silk Spring Summer 1925,44.2,2.5,7.7,113,103,92
RSSS77,Real Silk Spring Summer 1925,42.2,-22.4,4.7,61,115,96
RSSS78,Real Silk Spring Summer 1925,59,1.7,12.1,151,140,121
RSSS79,Real Silk Spring Summer 1925,54.8,-16,-5,94,140,139
RSSS80,Real Silk Spring Summer 1925,54.8,-16,-5,94,140,139
RSSS81,Real Silk Spring Summer 1925,45.8,16.4,23.2,143,98,70
RSSS82,Real Silk Spring Summer 1925,41.6,10.1,18.5,121,92,68
RSSS83,Real Silk Spring Summer 1925,80.8,9.2,25.2,230,194,154
RSSS84,Real Silk Spring Summer 1925,50,19,29.4,159,106,70
RSSS85,Real Silk Spring Summer 1925,70.6,0.03,25.3,186,172,127
RSSS86,Real Silk Spring Summer 1925,70.6,0.03,25.3,186,172,127
RSSS87,Real Silk Spring Summer 1925,73.8,8.8,15.8,205,175,153
RSSS88,Real Silk Spring Summer 1925,0,0,0,0,0,0
RSSS89,Real Silk Spring Summer 1925,0,0,0,0,0,0
RSSS90,Real Silk Spring Summer 1925,66.7,15.7,11.2,195,152,143
RSSS91,Real Silk Spring Summer 1925,50,19,29.4,159,106,70
RSSS92,Real Silk Spring Summer 1925,0,0,0,0,0,0
RSSS93,Real Silk Spring Summer 1925,76.7,17.7,16.9,229,177,159
RSSS94,Real Silk Spring Summer 1925,60.5,35.1,26.9,193,130,100
RSSS95,Real Silk Spring Summer 1925,0,0,0,0,0,0
RSSS96,Real Silk Spring Summer 1925,0,0,0,0,0,0
RSSS97,Real Silk Spring Summer 1925,60.3,-14.3,19,129,152,111
RSSS98,Real Silk Spring Summer 1925,44.9,46,5.1,174,69,100
RSSS99,Real Silk Spring Summer 1925,66.7,15.7,11.2,195,152,143
RSSS100,Real Silk Spring Summer 1925,66.7,15.7,11.2,195,152,143
RSSS101,Real Silk Spring Summer 1925,69.7,10.2,25,200,163,125
RSSS102,Real Silk Spring Summer 1925,50.2,4.6,23.5,137,116,79
RSSS103,Real Silk Spring Summer 1925,69.7,10.2,25,200,163,125
RSSS104,Real Silk Spring Summer 1925,60.3,-14.3,19,129,152,111
RSSS105,Real Silk Spring Summer 1925,44.9,46,5.1,174,69,100
RSSS106,Real Silk Spring Summer 1925,73.8,8.8,15.8,205,175,153
RSSS107,Real Silk Spring Summer 1925,76.7,17.7,16.9,229,177,159
RSSS108,Real Silk Spring Summer 1925,75,606,56.8,218,179,75
RSSS109,Real Silk Spring Summer 1925,70.6,0.3,25.3,186,172,127
RSSS110,Real Silk Spring Summer 1925,66.7,15.7,11.2,195,152,143
RSSS111,Real Silk Spring Summer 1925,60.3,-14.3,19,129,152,111
RSSS112,Real Silk Spring Summer 1925,70.6,0.3,25.3,186,172,127
RSSS113,Real Silk Spring Summer 1925,73.3,8.6,32.3,210,174,121
RSSS114,Real Silk Spring Summer 1925,64.3,19.1,34.9,201,142,94
RSSS115,Real Silk Spring Summer 1925,44.1,35.3,24.7,163,78,66
RSSS116,Real Silk Spring Summer 1925,73.3,8.6,32.3,210,174,121
RSSS117,Real Silk Spring Summer 1925,65,30.3,36.5,220,136,94
RSSS118,Real Silk Spring Summer 1925,62,29,36.9,209,128,86
RSSS119,Real Silk Spring Summer 1925,69.7,10.2,25,200,163,125
RSSS120,Real Silk Spring Summer 1925,66.2,5.3,15.4,178,157,134
RSSS121,Real Silk Spring Summer 1925,54.9,-8.9,-4.2,111,136,138
RSSS122,Real Silk Spring Summer 1925,70.6,0.3,25.3,186,172,127
RSSS123,Real Silk Spring Summer 1925,54.9,-8.9,-4.2,111,136,138
RSSS124,Real Silk Spring Summer 1925,73.3,8.6,32.3,210,174,121
RSSS125,Real Silk Spring Summer 1925,73.8,8.8,15.8,205,175,153
RSSS126,Real Silk Spring Summer 1925,60.5,35.1,26.9,193,130,100
RSSS127,Real Silk Spring Summer 1925,65,30.3,36.5,220,136,94
RSSS128,Real Silk Spring Summer 1925,66.7,15.7,11.2,195,152,143
RSSS129,Real Silk Spring Summer 1925,57.1,30.7,16.6,192,115,110
RSSS130,Real Silk Spring Summer 1925,57.1,30.7,16.6,192,115,110
RSSS131,Real Silk Spring Summer 1925,73.3,8.6,32.3,210,174,121
RSSS132,Real Silk Spring Summer 1925,66.2,5.3,15.4,178,157,134
RSSS133,Real Silk Spring Summer 1925,54.8,-16,-5,94,140,139
RSSS134,Real Silk Spring Summer 1925,66.2,5.3,15.4,178,157,134
RSSS135,Real Silk Spring Summer 1925,73.3,8.6,32.3,210,174,121
RSSS136,Real Silk Spring Summer 1925,73.3,8.6,32.3,210,174,121
RSSS137,Real Silk Spring Summer 1925,76.7,17.7,16.9,229,177,159
RSSS138,Real Silk Spring Summer 1925,66.2,5.3,15.4,178,157,134
RSSS139,Real Silk Spring Summer 1925,43,46.4,24.7,174,62,64
RSSS140,Real Silk Spring Summer 1925,66.2,5.3,15.4,178,157,134
RSS1,Real Silk Summer 1925,39.1,35.9,-22.8,149,65,57
RSS2,Real Silk Summer 1925,72.9,7.8,34.1,208,173,116
RSS3,Real Silk Summer 1925,74.4,7.1,33.8,211,177,121
RSS4,Real Silk Summer 1925,52,-4.9,19.8,125,126,90
RSS5,Real Silk Summer 1925,45.4,-23.1,-3.6,52,118,84
RSS6,Real Silk Summer 1925,72.9,7.8,34.1,208,173,116
RSS7,Real Silk Summer 1925,50.9,11,21.8,148,114,84
RSS8,Real Silk Summer 1925,72.5,8.1,34.5,208,171,114
RSS9,Real Silk Summer 1925,66.7,15.2,39.3,203,151,91
RSS10,Real Silk Summer 1925,50.9,11,21.8,148,114,84
RSS11,Real Silk Summer 1925,60.9,-16.9,-8.4,106,156,161
RSS12,Real Silk Summer 1925,66.7,15.2,39.3,203,151,91
RSS13,Real Silk Summer 1925,47.7,0.7,11.9,120,112,84
RSS14,Real Silk Summer 1925,57.1,10.9,6.1,159,130,84
RSS15,Real Silk Summer 1925,65.4,2.7,14.7,171,157,133
RSS16,Real Silk Summer 1925,47.7,0.7,11.9,120,112,84
RSS17,Real Silk Summer 1925,45.4,-23.1,-3.6,52,118,84
RSS18,Real Silk Summer 1925,47.7,0.7,11.9,120,112,84
RSS19,Real Silk Summer 1925,45.4,-23.1,-3.6,52,118,84
RSS20,Real Silk Summer 1925,46.6,24.9,65.2,136,103,84
RSS21,Real Silk Summer 1925,63.8,9.2,24.3,181,148,84
RSS22,Real Silk Summer 1925,40.5,22.8,46.3,126,85,84
RSS23,Real Silk Summer 1925,39.5,12.8,-8.3,109,86,107
RSS24,Real Silk Summer 1925,66.7,15.2,39.3,203,151,91
RSS25,Real Silk Summer 1925,51.5,19.9,21.3,163,109,84
RSS26,Real Silk Summer 1925,51.5,19.9,21.3,163,109,84
RSS27,Real Silk Summer 1925,42.4,-8,8,91,104,84
RSS28,Real Silk Summer 1925,33.2,2.8,30.8,83,77,84
RSS29,Real Silk Summer 1925,47.7,0.7,11.9,120,112,84
RSS30,Real Silk Summer 1925,40.5,-20.1,-10.7,38,105,84
RSS31,Real Silk Summer 1925,40.5,-20.1,-10.7,38,105,84
RSS32,Real Silk Summer 1925,57.9,9.2,24.5,165,133,84
RSS33,Real Silk Summer 1925,49.4,25.3,39.1,155,104,84
RSS34,Real Silk Summer 1925,45.8,2.9,18.6,121,106,84
RSS35,Real Silk Summer 1925,49.4,25.3,39.1,155,104,84
RSS36,Real Silk Summer 1925,57.9,9.2,24.5,165,133,84
RSS37,Real Silk Summer 1925,66.7,15.2,39.3,203,151,91
RSS38,Real Silk Summer 1925,74.4,7.1,33.8,211,177,84
RSS39,Real Silk Summer 1925,72.9,7.8,34.1,208,173,84
RSS40,Real Silk Summer 1925,70.4,16.5,38.5,216,160,84
RSS41,Real Silk Summer 1925,39.5,12.8,-8.3,109,86,107
RSS42,Real Silk Summer 1925,40.5,-20.1,-10.7,38,105,84
RSS43,Real Silk Summer 1925,34.4,-9.1,-21.3,40,86,84
RSS44,Real Silk Summer 1925,34.4,-9.1,-21.3,40,86,84
RSS45,Real Silk Summer 1925,50.1,12.7,73.1,131,117,84
RSS46,Real Silk Summer 1925,35.3,28.4,17.3,128,63,84
RSS47,Real Silk Summer 1925,66.7,15.2,39.3,203,151,91
RSS48,Real Silk Summer 1925,54.5,27.7,-10,174,112,133
RSS49,Real Silk Summer 1925,77.3,2,54.1,217,188,84
RSS50,Real Silk Summer 1925,77.3,2,54.1,217,188,84
RSS51,Real Silk Summer 1925,66.7,15.2,39.3,203,151,91
RSS52,Real Silk Summer 1925,100,0,0,255,255,255
RSS53,Real Silk Summer 1925,0,0,0,0,0,0
RSS54,Real Silk Summer 1925,0,0,0,0,0,0
RSS55,Real Silk Summer 1925,60.9,-16.9,-8.4,106,156,161
RSS56,Real Silk Summer 1925,44.9,-25.1,3.9,54,118,99
RSS57,Real Silk Summer 1925,44.9,-25.1,3.9,54,118,99
RSS58,Real Silk Summer 1925,63.5,20.8,44.3,203,139,74
RSS59,Real Silk Summer 1925,40.4,14.5,23.1,126,86,58
RSS60,Real Silk Summer 1925,46.6,24.9,65.2,136,103,84
RSS61,Real Silk Summer 1925,39.1,35.9,-22.8,149,65,57
RSS62,Real Silk Summer 1925,48.1,53.8,20,197,66,84
RSS63,Real Silk Summer 1925,48.1,53.8,20,197,66,84
RSS64,Real Silk Summer 1925,29.5,-1.8,-3.3,64,70,74
RSS65,Real Silk Summer 1925,0,0,0,0,0,0
RSS66,Real Silk Summer 1925,47.7,0.7,11.9,120,112,84
RSS67,Real Silk Summer 1925,40.6,23.6,233.3,45,103,126
RSS68,Real Silk Summer 1925,57.9,9.2,24.5,165,133,84
RSS69,Real Silk Summer 1925,63.8,9.2,24.3,181,148,84
RSS70,Real Silk Summer 1925,43.6,7.3,13,121,98,82
RSS71,Real Silk Summer 1925,57.9,9.2,24.5,165,133,84
RSS72,Real Silk Summer 1925,54.5,27.7,-10,174,112,133
RSS73,Real Silk Summer 1925,60.9,-16.9,-8.4,106,156,161
RSS74,Real Silk Summer 1925,39.5,12.8,-8.3,109,86,107
RSS75,Real Silk Summer 1925,4708,1605,22.7,148,102,76
RSS76,Real Silk Summer 1925,62.2,10.6,66.6,163,147,133
RSS77,Real Silk Summer 1925,51.7,0.03,7.5,128,123,110
RSS78,Real Silk Summer 1925,45.4,-23.1,-3.6,52,118,84
RSS79,Real Silk Summer 1925,62.2,10.6,66.6,163,147,133
RSS80,Real Silk Summer 1925,60.9,-16.9,-8.4,106,156,161
RSS81,Real Silk Summer 1925,60.9,-16.9,-8.4,106,156,161
RSS82,Real Silk Summer 1925,40.2,13,22.1,123,86,59
RSS83,Real Silk Summer 1925,32.8,9.4,13.2,96,71,57
RSS84,Real Silk Summer 1925,77.3,2,54.1,217,188,84
RSS85,Real Silk Summer 1925,49.4,25.3,39.1,155,104,84
RSS86,Real Silk Summer 1925,71.1,-7.1,22.4,173,177,133
RSS87,Real Silk Summer 1925,71.1,-7.1,22.4,173,177,133
RSS88,Real Silk Summer 1925,72.7,7.8,12.2,199,173,156
RSS89,Real Silk Summer 1925,100,0,0,255,255,255
RSS90,Real Silk Summer 1925,0,0,0,0,0,0
RSS91,Real Silk Summer 1925,64.2,17,4.5,187,145,148
RSS92,Real Silk Summer 1925,57.9,9.2,24.5,165,133,84
RSS93,Real Silk Summer 1925,79.2,14,78.2,209,194,171
RSS94,Real Silk Summer 1925,74.2,12.3,26.1,217,174,135
RSS95,Real Silk Summer 1925,49.4,25.3,39.1,155,104,84
RSS96,Real Silk Summer 1925,100,0,0,255,255,255
RSS97,Real Silk Summer 1925,0,0,0,0,0,0
RSS98,Real Silk Summer 1925,58.3,-19.8,15.4,111,150,112
RSS99,Real Silk Summer 1925,54.5,27.7,-10,174,112,133
RSS100,Real Silk Summer 1925,64.2,17,4.5,187,145,148
RSS101,Real Silk Summer 1925,64.2,17,4.5,187,145,148
RSS102,Real Silk Summer 1925,72.5,8.1,34.5,208,171,114
RSS103,Real Silk Summer 1925,52,-4.9,19.8,125,126,90
RSS104,Real Silk Summer 1925,72.5,8.1,34.5,208,171,114
RSS105,Real Silk Summer 1925,58.3,-19.8,15.4,111,150,112
RSS106,Real Silk Summer 1925,54.5,27.7,-10,174,112,133
RSS107,Real Silk Summer 1925,73.5,8.4,10,201,175,163
RSS108,Real Silk Summer 1925,73.9,12.1,25.5,215,173,135
RSS109,Real Silk Summer 1925,61,-4.2,30.7,154,148,92
RSS110,Real Silk Summer 1925,69.1,-9.3,17.5,161,173,136
RSS111,Real Silk Summer 1925,64.2,17,4.5,187,145,148
RSS112,Real Silk Summer 1925,58.3,-19.8,15.4,111,150,112
RSS113,Real Silk Summer 1925,69.1,-9.3,17.5,161,173,136
RSS114,Real Silk Summer 1925,72.9,7.8,34.1,208,173,116
RSS115,Real Silk Summer 1925,66.5,18.7,43,209,148,84
RSS116,Real Silk Summer 1925,54.5,27.7,-10,174,112,133
RSS117,Real Silk Summer 1925,72.9,7.8,34.1,208,173,116
RSS118,Real Silk Summer 1925,67.2,22.3,34.9,214,148,101
RSS119,Real Silk Summer 1925,66.1,22.3,43.6,213,144,82
RSS120,Real Silk Summer 1925,72.5,8.1,34.5,208,171,114
RSS121,Real Silk Summer 1925,65.4,2.7,14.7,171,157,133
RSS122,Real Silk Summer 1925,40.6,23.6,233.3,45,103,126
RSS123,Real Silk Summer 1925,69.1,-9.3,17.5,161,173,136
RSS124,Real Silk Summer 1925,40.6,23.6,233.3,45,103,126
RSS125,Real Silk Summer 1925,72.9,7.8,34.1,208,173,116
RSS126,Real Silk Summer 1925,73.5,79,11.1,201,175,161
RSS127,Real Silk Summer 1925,49.4,25.3,39.1,155,104,84
RSS128,Real Silk Summer 1925,66.1,22.3,43.6,213,144,82
RSS129,Real Silk Summer 1925,64.2,17,4.5,187,145,148
RSS130,Real Silk Summer 1925,61.2,19.9,8.9,185,135,133
RSS131,Real Silk Summer 1925,61.2,19.9,8.9,185,135,133
RSS132,Real Silk Summer 1925,72.9,7.8,34.1,208,173,116
RSS133,Real Silk Summer 1925,65.8,3,14.9,173,157,133
RSS134,Real Silk Summer 1925,60.9,-16.9,-8.4,106,156,161
RSS135,Real Silk Summer 1925,73.5,79,11.1,201,175,161
RSS136,Real Silk Summer 1925,72.8,9.8,36.9,212,171,111
RSS137,Real Silk Summer 1925,72.8,9.8,36.9,212,171,111
RSS138,Real Silk Summer 1925,74.4,7.1,33.8,211,177,121
RSS139,Real Silk Summer 1925,0,0,0,0,0,0
RSS140,Real Silk Summer 1925,40.6,23.6,233.3,45,103,126
RSS141,Real Silk Summer 1925,39.5,12.8,-8.3,109,86,107
RSS142,Real Silk Summer 1925,78.6,3,14.5,208,192,168
RSS143,Real Silk Summer 1925,73.3,7.7,11,175,160,
RSS144,Real Silk Summer 1925,72.5,28.7,64.7,211,169,131
RSS145,Real Silk Summer 1925,65.4,2.7,14.7,171,157,133
RSS146,Real Silk Summer 1925,48.1,53.8,20,197,66,84
RSS147,Real Silk Summer 1925,73.5,79,11.1,201,175,161
RS6-1,Real Silk 6th 1925,40,8.6,-6,105,90,104
RS6-2,Real Silk 6th 1925,60.3,5.2,15.7,162,142,118
RS6-3,Real Silk 6th 1925,51,15.3,30.5,157,111,69
RS6-4,Real Silk 6th 1925,44.2,8.5,15,125,99,80
RS6-5,Real Silk 6th 1925,51.3,-20.7,29.1,98,132,70
RS6-6,Real Silk 6th 1925,36.9,-0.05,13.3,92,87,65
RS6-7,Real Silk 6th 1925,45,-21.7,10.7,70,116,88
RS6-8,Real Silk 6th 1925,43.3,7.9,13.8,121,97,80
RS6-9,Real Silk 6th 1925,43.2,4.8,12.9,116,99,81
RS6-10,Real Silk 6th 1925,45.2,12.2,25.2,136,99,65
RS6-11,Real Silk 6th 1925,57.2,-3.6,-5.8,127,140,147
RS6-12,Real Silk 6th 1925,39.6,40,20,155,61,63
RS6-13,Real Silk 6th 1925,39.6,40,20,155,61,63
RS6-14,Real Silk 6th 1925,50.1,13.6,18.3,149,110,89
RS6-15,Real Silk 6th 1925,59.1,3,13.4,154,140,119
RS6-16,Real Silk 6th 1925,0,0,0,0,0,0
RS6-17,Real Silk 6th 1925,38.3,-15,1.4,62,97,87
RS6-18,Real Silk 6th 1925,55.2,15.2,20.2,166,122,98
RS6-19,Real Silk 6th 1925,58,17.8,40.2,182,127,68
RS6-20,Real Silk 6th 1925,75.8,9.3,18.9,213,180,152
RS6-21,Real Silk 6th 1925,50.8,15.7,27.9,156,110,74
RS6-22,Real Silk 6th 1925,29.7,6.6,4,82,66,64
RS6-23,Real Silk 6th 1925,54.9,-9.6,-8.4,106,137,145
RS6-24,Real Silk 6th 1925,49.4,-24.7,13.6,76,129,93
RS6-25,Real Silk 6th 1925,35.8,-22.3,4.6,40,94,76
RS6-26,Real Silk 6th 1925,62.7,14.5,25.4,187,142,107
RS6-27,Real Silk 6th 1925,41.2,4.7,12,110,94,78
RS6-28,Real Silk 6th 1925,42.8,9.4,19.2,124,95,70
RS6-29,Real Silk 6th 1925,41.4,26,14.8,142,80,75
RS6-30,Real Silk 6th 1925,34.5,16,12.1,109,71,63
RS6-31,Real Silk 6th 1925,36,-21.9,4.7,42,94,76
RS6-32,Real Silk 6th 1925,61,14,26.7,182,137,100
RS6-33,Real Silk 6th 1925,41.1,4.8,11.8,110,94,78
RS6-34,Real Silk 6th 1925,42.8,9.4,19.3,124,95,70
RS6-35,Real Silk 6th 1925,39.7,24.1,14.6,134,77,71
RS6-36,Real Silk 6th 1925,34.8,6.8,14,98,78,60
RS6-37,Real Silk 6th 1925,50,0.05,8.6,124,118,104
RS6-38,Real Silk 6th 1925,42.8,8.6,14.7,121,96,77
RS6-39,Real Silk 6th 1925,48.9,13,17.5,144,108,87
RS6-40,Real Silk 6th 1925,25.3,1.8,6.9,66,59,50
RS6-41,Real Silk 6th 1925,51.2,40.1,26.6,190,91,79
RS6-42,Real Silk 6th 1925,40.1,-22.1,6.3,53,104,83
RS6-43,Real Silk 6th 1925,38.7,36.2,16.2,147,64,67
RS6-44,Real Silk 6th 1925,63.5,-0.7,10.4,158,154,135
RS6-45,Real Silk 6th 1925,75.5,11.1,12.1,212,178,164
RS6-46,Real Silk 6th 1925,55.4,-0.8,3.6,133,133,126
RS6-47,Real Silk 6th 1925,47.7,-14.6,-2.7,82,120,117
RS6-48,Real Silk 6th 1925,36.8,-15,-24.7,5,95,126
RS6-49,Real Silk 6th 1925,36.8,-15,-24.7,5,95,126
RS6-50,Real Silk 6th 1925,63.6,15.4,24.7,191,143,111
RS6-51,Real Silk 6th 1925,59.5,22.7,20.8,189,128,108
RS6-52,Real Silk 6th 1925,38.1,20.2,20,126,76,58
RS6-53,Real Silk 6th 1925,52.2,-23.3,30.3,96,135,70
RS6-54,Real Silk 6th 1925,34.6,21,7,115,68,71
RS6-55,Real Silk 6th 1925,57.3,38.2,21.3,205,109,103
RS6-56,Real Silk 6th 1925,57.3,38.2,21.3,205,109,103
RS6-57,Real Silk 6th 1925,75,10.1,19.1,213,178,150
RS6-58,Real Silk 6th 1925,64.8,-1.5,10.5,160,158,138
RS6-59,Real Silk 6th 1925,50.7,-16.1,3.3,91,129,114
RS6-60,Real Silk 6th 1925,46.9,-10,-13.5,80,117,134
RS6-61,Real Silk 6th 1925,53.5,-11.1,-7.4,100,134,140
RS6-62,Real Silk 6th 1925,53.5,-11.1,-7.4,100,134,140
RS6-63,Real Silk 6th 1925,63.3,13.4,22.9,186,144,113
RS6-64,Real Silk 6th 1925,73.7,8.1,25.9,208,175,134
RS6-65,Real Silk 6th 1925,40.3,10.3,15.4,117,89,70
RS6-66,Real Silk 6th 1925,60,16.1,44.9,187,133,64
RS6-67,Real Silk 6th 1925,49.9,22.2,3.2,156,104,114
RS6-68,Real Silk 6th 1925,73.6,7.5,21.4,205,175,142
RS6-69,Real Silk 6th 1925,76.1,10.5,11.4,213,180,167
RS6-70,Real Silk 6th 1925,65.9,-0.7,9.8,164,160,143
RS6-71,Real Silk 6th 1925,50.4,12.7,32.2,152,111,65
RS6-72,Real Silk 6th 1925,54.1,-9.3,28.5,126,133,79
RS6-73,Real Silk 6th 1925,50.9,45.6,20.9,195,84,89
RS6-74,Real Silk 6th 1925,75.3,10.7,12.2,211,178,163
RS6-75,Real Silk 6th 1925,64.5,5.6,15.2,174,152,129
RS6-76,Real Silk 6th 1925,55.7,8.3,10.7,153,128,115
RS6-77,Real Silk 6th 1925,63.9,0.2,27.9,168,154,105
RS6-78,Real Silk 6th 1925,44.5,-22.5,12.8,69,115,83
RS6-79,Real Silk 6th 1925,56,36.2,20.6,198,107,101
RS6-80,Real Silk 6th 1925,74.8,11.3,17.8,214,176,152
RS6-81,Real Silk 6th 1925,74.9,12,11,212,176,165
RS6-82,Real Silk 6th 1925,65.1,-0.6,9.1,162,158,142
RS6-83,Real Silk 6th 1925,43.8,-7.4,5.5,93,107,94
RS6-84,Real Silk 6th 1925,60.7,-7.3,38.2,150,149,76
RS6-85,Real Silk 6th 1925,61.7,-9,10.1,138,154,131
RS6-86,Real Silk 6th 1925,61.7,-9,10.1,138,154,131
RS6-87,Real Silk 6th 1925,72,11.6,38.6,213,168,106
RS6-88,Real Silk 6th 1925,64.3,6.2,16.8,175,151,126
RS6-89,Real Silk 6th 1925,52.8,-4.4,37.2,134,127,59
RS6-90,Real Silk 6th 1925,43,12,15.1,127,94,77
RS6-91,Real Silk 6th 1925,51.4,-17.6,-18,64,132,152
RS6-92,Real Silk 6th 1925,58.8,-2.5,12.1,144,142,120
RS6-93,Real Silk 6th 1925,46.7,13.7,15.3,139,102,86
RS6-94,Real Silk 6th 1925,48,17.1,29.8,151,102,64
RS6-95,Real Silk 6th 1925,42.9,24.7,9.3,142,85,87
RS6-96,Real Silk 6th 1925,63.5,25.5,49,211,135,65
RS6-97,Real Silk 6th 1925,56.3,38.5,22.7,202,106,98
RS6-98,Real Silk 6th 1925,61.1,30.8,39.2,210,125,79
RS6-99,Real Silk 6th 1925,73.6,11.8,17.9,211,173,149
RS6-100,Real Silk 6th 1925,58.4,13.8,89.7,148,140,116
RS6-101,Real Silk 6th 1925,51.4,-0.8,15.6,129,122,96
RS6-102,Real Silk 6th 1925,51.4,-17.6,-18,64,132,152
RS7-1,Real Silk 7th 1926,42.1,4.6,-6.5,103,97,110
RS7-2,Real Silk 7th 1926,54.7,2.9,13.7,143,129,107
RS7-3,Real Silk 7th 1926,53.1,15.4,29.5,163,116,76
RS7-4,Real Silk 7th 1926,40.1,7.8,13.7,113,90,73
RS7-5,Real Silk 7th 1926,57.6,-9.2,8.1,126,143,124
RS7-6,Real Silk 7th 1926,39.7,9.5,11.7,114,88,75
RS7-7,Real Silk 7th 1926,46,-20.1,11.9,77,118,88
RS7-8,Real Silk 7th 1926,40.1,7.8,13.7,113,90,73
RS7-9,Real Silk 7th 1926,39.7,9.5,11.7,114,88,75
RS7-10,Real Silk 7th 1926,44.5,13.7,22.6,135,96,68
RS7-11,Real Silk 7th 1926,52.2,-7.5,-9.2,103,129,140
RS7-12,Real Silk 7th 1926,52.6,42.3,16.1,195,93,101
RS7-13,Real Silk 7th 1926,38.1,36.2,15.7,145,62,66
RS7-14,Real Silk 7th 1926,53.2,12.9,16.4,156,119,100
RS7-15,Real Silk 7th 1926,54.3,2,12.4,140,128,108
RS7-16,Real Silk 7th 1926,29.2,1.4,1.8,72,68,66
RS7-17,Real Silk 7th 1926,51.6,-15.6,-5.7,87,131,132
RS7-18,Real Silk 7th 1926,53.2,12.9,16.4,156,119,100
RS7-19,Real Silk 7th 1926,60.6,15.8,38.5,187,135,78
RS7-20,Real Silk 7th 1926,72.4,6.5,24.3,201,173,133
RS7-21,Real Silk 7th 1926,53.1,15.4,29.5,163,116,76
RS7-22,Real Silk 7th 1926,29.3,4.7,4.3,78,66,63
RS7-23,Real Silk 7th 1926,47.4,-5.4,-14.3,91,116,136
RS7-24,Real Silk 7th 1926,57.6,-9.2,8.1,126,143,124
RS7-25,Real Silk 7th 1926,37.3,-19,5.3,54,96,78
RS7-26,Real Silk 7th 1926,62.3,10.6,25.6,180,143,106
RS7-27,Real Silk 7th 1926,39.7,9.5,11.7,114,88,75
RS7-28,Real Silk 7th 1926,43.4,9.8,19.6,126,96,70
RS7-29,Real Silk 7th 1926,38.2,19.1,18.4,125,77,61
RS7-30,Real Silk 7th 1926,43.4,9.8,19.6,126,96,70
RS7-31,Real Silk 7th 1926,46.9,-0.7,9.7,115,111,95
RS7-32,Real Silk 7th 1926,40.1,7.8,13.7,113,90,73
RS7-33,Real Silk 7th 1926,53.2,12.9,16.4,156,119,100
RS7-34,Real Silk 7th 1926,28.3,2.9,6.6,74,65,57
RS7-35,Real Silk 7th 1926,58.8,34.8,19.9,204,116,109
RS7-36,Real Silk 7th 1926,51.6,-15.6,-5.7,87,131,132
RS7-37,Real Silk 7th 1926,41.6,27.5,10.8,143,79,82
RS7-38,Real Silk 7th 1926,53.6,1.1,9.2,135,127,112
RS7-39,Real Silk 7th 1926,75.3,9.5,10.8,209,179,166
RS7-40,Real Silk 7th 1926,43.4,-0.2,-1.9,101,103,106
RS7-41,Real Silk 7th 1926,51.6,-15.6,-5.7,87,131,132
RS7-42,Real Silk 7th 1926,32.9,-12.4,-15,36,84,101
RS7-43,Real Silk 7th 1926,32.9,-12.4,-15,36,84,101
RS7-44,Real Silk 7th 1926,62.3,10.6,25.6,180,143,106
RS7-45,Real Silk 7th 1926,59,18.8,20.1,182,129,108
RS7-46,Real Silk 7th 1926,38.2,19.1,18.4,125,77,61
RS7-47,Real Silk 7th 1926,57.6,-9.2,8.1,126,143,124
RS7-48,Real Silk 7th 1926,38.2,19.1,18.4,125,77,61
RS7-49,Real Silk 7th 1926,58.8,34.8,19.9,204,116,109
RS7-50,Real Silk 7th 1926,58.8,34.8,19.9,204,116,109
RS7-51,Real Silk 7th 1926,72.4,6.5,24.3,201,173,133
RS7-52,Real Silk 7th 1926,53.6,1.1,9.2,135,127,112
RS7-53,Real Silk 7th 1926,47.4,-5.4,-14.3,91,116,136
RS7-54,Real Silk 7th 1926,53.9,-18.9,-16,70,139,156
RS7-55,Real Silk 7th 1926,51.6,-15.6,-5.7,87,131,132
RS7-56,Real Silk 7th 1926,51.6,-15.6,-5.7,87,131,132
RS7-57,Real Silk 7th 1926,62.3,10.6,25.6,180,143,106
RS7-58,Real Silk 7th 1926,62.9,2.1,22.5,167,150,112
RS7-59,Real Silk 7th 1926,58.8,34.8,19.9,204,116,109
RS7-60,Real Silk 7th 1926,60.6,15.8,38.5,187,135,78
RS7-61,Real Silk 7th 1926,49.8,18.4,-1.2,148,107,121
RS7-62,Real Silk 7th 1926,62.9,2.1,22.5,167,150,112
RS7-63,Real Silk 7th 1926,75.3,9.5,10.8,209,179,166
RS7-64,Real Silk 7th 1926,53.6,1.1,9.2,135,127,112
RS7-65,Real Silk 7th 1926,60.6,15.8,38.5,187,135,78
RS7-66,Real Silk 7th 1926,66.6,-11.9,34,157,167,99
RS7-67,Real Silk 7th 1926,52.6,42.3,16.1,195,93,101
RS7-68,Real Silk 7th 1926,75.3,9.5,10.8,209,179,166
RS7-69,Real Silk 7th 1926,60.5,3,17.4,160,143,115
RS7-70,Real Silk 7th 1926,49.8,4.3,11.9,132,116,99
RS7-71,Real Silk 7th 1926,75.3,9.5,10.8,209,179,166
RS7-72,Real Silk 7th 1926,57.6,-9.2,8.1,126,143,124
RS7-73,Real Silk 7th 1926,57.1,31.7,21,195,114,102
RS7-74,Real Silk 7th 1926,72.4,6.5,24.3,201,173,133
RS7-75,Real Silk 7th 1926,75.3,9.5,10.8,209,179,166
RS7-76,Real Silk 7th 1926,53.6,1.1,9.2,135,127,112
RS7-77,Real Silk 7th 1926,47.4,-5.4,-14.3,91,116,136
RS7-78,Real Silk 7th 1926,67.5,-4,38.6,175,165,93
RS7-79,Real Silk 7th 1926,57.6,-9.2,8.1,126,143,124
RS7-80,Real Silk 7th 1926,57.6,-9.2,8.1,126,143,124
RS7-81,Real Silk 7th 1926,73.3,8.2,44.5,213,173,97
RS7-82,Real Silk 7th 1926,60.5,3,17.4,160,143,115
RS7-83,Real Silk 7th 1926,72.4,6.5,24.3,201,173,133
RS7-84,Real Silk 7th 1926,59,18.8,20.1,182,129,108
RS7-85,Real Silk 7th 1926,53.9,-18.9,-16,70,139,156
RS7-86,Real Silk 7th 1926,53.6,1.1,9.2,135,127,112
RS7-87,Real Silk 7th 1926,53.2,12.9,16.4,156,119,100
RS7-88,Real Silk 7th 1926,44.5,13.7,22.6,135,96,68
RS7-89,Real Silk 7th 1926,58.8,34.8,19.9,204,116,109
RS7-90,Real Silk 7th 1926,60.6,15.8,38.5,187,135,78
RS7-91,Real Silk 7th 1926,58.7,34.4,23.9,204,116,101
RS7-92,Real Silk 7th 1926,75.5,5.4,22.9,208,182,144
RS7-93,Real Silk 7th 1926,72.4,6.5,24.3,201,173,133
RS7-94,Real Silk 7th 1926,53.6,1.1,9.2,135,127,112
RS7-95,Real Silk 7th 1926,67.5,-4,38.6,175,165,93
RS7-96,Real Silk 7th 1926,53.9,-18.9,-16,70,139,156
RS8-1,Real Silk 8th 1926,30.7,10.7,2,89,68,70
RS8-2,Real Silk 8th 1926,35.9,16.8,7.8,113,74,73
RS8-3,Real Silk 8th 1926,56.4,16.6,19.6,171,124,102
RS8-4,Real Silk 8th 1926,47.5,4.6,12.5,126,110,92
RS8-5,Real Silk 8th 1926,48.8,-22.8,2.4,69,127,111
RS8-6,Real Silk 8th 1926,55,11.8,36,164,123,69
RS8-7,Real Silk 8th 1926,40.2,-18.9,8.3,63,103,80
RS8-8,Real Silk 8th 1926,57.6,20.9,18.9,180,124,107
RS8-9,Real Silk 8th 1926,42.1,9,9.4,118,94,84
RS8-10,Real Silk 8th 1926,39,10.9,17.1,115,85,64
RS8-11,Real Silk 8th 1926,45.5,17.6,13.4,141,96,86
RS8-12,Real Silk 8th 1926,43.3,6.9,-7.5,110,99,115
RS8-13,Real Silk 8th 1926,44.4,17,25.5,140,94,63
RS8-14,Real Silk 8th 1926,52.9,12.3,34.2,159,118,67
RS8-15,Real Silk 8th 1926,59,12.5,17.8,171,134,111
RS8-16,Real Silk 8th 1926,40.6,17,21.6,129,85,61
RS8-17,Real Silk 8th 1926,44.5,-5,-13.1,86,108,127
RS8-18,Real Silk 8th 1926,48.8,-13.6,14.4,99,122,91
RS8-19,Real Silk 8th 1926,40.5,-9.2,-9,71,100,110
RS8-20,Real Silk 8th 1926,55.2,19.4,26.2,173,119,88
RS8-21,Real Silk 8th 1926,49.4,13,19.8,147,109,85
RS8-22,Real Silk 8th 1926,37.5,25.9,7,128,71,78
RS8-23,Real Silk 8th 1926,48.6,37,14.2,176,88,94
RS8-24,Real Silk 8th 1926,37.3,11.4,20.3,113,81,56
RS8-25,Real Silk 8th 1926,32.1,20.1,11.3,108,63,59
RS8-26,Real Silk 8th 1926,59.3,12.9,26.9,176,134,96
RS8-27,Real Silk 8th 1926,53,23.6,20.7,172,110,92
RS8-28,Real Silk 8th 1926,44.9,19.8,27.6,146,93,61
RS8-29,Real Silk 8th 1926,59.3,12.9,26.9,176,134,96
RS8-30,Real Silk 8th 1926,40.5,-9.2,-9,71,100,110
RS8-31,Real Silk 8th 1926,34.9,-0.8,3.5,83,82,76
RS8-32,Real Silk 8th 1926,42.6,3.4,10.7,111,98,83
RS8-33,Real Silk 8th 1926,50.7,11.5,17.7,147,113,91
RS8-34,Real Silk 8th 1926,32.7,-3.9,4.9,73,79,69
RS8-35,Real Silk 8th 1926,44.5,27.8,16.3,153,86,80
RS8-36,Real Silk 8th 1926,36.9,-14,7.6,66,93,74
RS8-37,Real Silk 8th 1926,32.6,27.1,5.7,117,58,69
RS8-38,Real Silk 8th 1926,45,12,16.2,132,99,80
RS8-39,Real Silk 8th 1926,49.8,8.7,6.5,136,113,108
RS8-40,Real Silk 8th 1926,42.1,5.7,7.2,112,96,88
RS8-41,Real Silk 8th 1926,40.1,-9.8,-10.9,67,100,112
RS8-42,Real Silk 8th 1926,38.9,8.7,7.5,109,86,80
RS8-43,Real Silk 8th 1926,29.3,12.2,5.1,89,62,62
RS8-44,Real Silk 8th 1926,48.4,20,13.8,152,102,93
RS8-45,Real Silk 8th 1926,54.1,12.2,8.9,154,122,115
RS8-46,Real Silk 8th 1926,33,-3.3,2.6,73,79,73
RS8-47,Real Silk 8th 1926,40.4,2.4,7.6,95,94,108
RS8-48,Real Silk 8th 1926,49.4,-18.7,20.3,94,126,82
RS8-49,Real Silk 8th 1926,73.8,6,60.2,215,176,63
RS8-50,Real Silk 8th 1926,62,8.4,18.1,173,144,118
RS8-51,Real Silk 8th 1926,72.2,9.7,17.8,203,170,145
RS8-52,Real Silk 8th 1926,63.9,0.2,8.9,160,154,139
RS8-53,Real Silk 8th 1926,51.8,17.8,17.9,159,112,94
RS8-54,Real Silk 8th 1926,39,4.2,-8.3,94,90,105
RS8-55,Real Silk 8th 1926,63.7,-14.7,20.6,138,161,117
RS8-56,Real Silk 8th 1926,54.5,11.7,11.1,155,123,112
RS8-57,Real Silk 8th 1926,53.3,14.9,16.5,159,118,100
RS8-58,Real Silk 8th 1926,42.5,4.3,7.9,111,98,88
RS8-59,Real Silk 8th 1926,57.2,3.5,21.2,153,135,100
RS8-60,Real Silk 8th 1926,46.7,28.5,2.4,155,91,108
RS8-61,Real Silk 8th 1926,68.8,12.6,6.3,194,160,157
RS8-62,Real Silk 8th 1926,61.8,1.6,5.6,155,148,140
RS8-63,Real Silk 8th 1926,74.7,9.5,16.9,210,177,153
RS8-64,Real Silk 8th 1926,53.2,16.6,11.5,159,116,108
RS8-65,Real Silk 8th 1926,49.8,23.9,19.9,163,102,86
RS8-66,Real Silk 8th 1926,62.8,-14.6,4,126,159,144
RS8-67,Real Silk 8th 1926,62.8,-14.6,4,126,159,144
RS8-68,Real Silk 8th 1926,59,5.6,21.4,162,138,105
RS8-69,Real Silk 8th 1926,56.8,21.3,27.5,181,122,89
RS8-70,Real Silk 8th 1926,48.3,10.3,31.1,142,108,62
RS8-71,Real Silk 8th 1926,39,4.2,-8.3,94,90,105
RS8-72,Real Silk 8th 1926,74.7,9.5,16.9,210,177,153
RS8-73,Real Silk 8th 1926,51.2,43.8,24.9,195,87,82
RS8-74,Real Silk 8th 1926,75.8,6.8,15.9,208,182,158
RS8-75,Real Silk 8th 1926,71.5,6.6,24.8,199,170,130
RS8-76,Real Silk 8th 1926,65,-0.1,9.9,163,157,140
RS8-77,Real Silk 8th 1926,71.5,6.6,24.8,199,170,130
RS8-78,Real Silk 8th 1926,62.8,-14.6,4,126,159,144
RS8-79,Real Silk 8th 1926,50.3,4.9,9.7,133,116,103
RS8-80,Real Silk 8th 1926,65,-0.1,9.9,163,157,140
RS8-81,Real Silk 8th 1926,75.8,6.8,15.9,208,182,158
RS8-82,Real Silk 8th 1926,45.6,2.6,7.1,116,106,96
RS8-83,Real Silk 8th 1926,51.8,17.8,17.9,159,112,94
RS8-84,Real Silk 8th 1926,39,4.2,-8.3,94,90,105
RS8-85,Real Silk 8th 1926,43.1,53.6,20.3,182,52,72
RS8-86,Real Silk 8th 1926,42.5,4.3,7.9,111,98,88
RS8-87,Real Silk 8th 1926,54.6,8,18,152,125,100
RS8-88,Real Silk 8th 1926,45.6,2.6,7.1,116,106,96
RS8-89,Real Silk 8th 1926,39,4.2,-8.3,94,90,105
RS8-90,Real Silk 8th 1926,38.4,-16.9,1,58,98,88
RS8-91,Real Silk 8th 1926,42.9,-11.7,-6.7,73,107,112
RS8-92,Real Silk 8th 1926,44.5,13.3,17.9,133,97,76
RS8-93,Real Silk 8th 1926,52.3,5,9.2,138,121,109
RS8-94,Real Silk 8th 1926,41.8,12.4,21,126,91,64
RS8-95,Real Silk 8th 1926,75.8,6.8,15.9,208,182,158
RS8-96,Real Silk 8th 1926,51.8,17.8,17.9,159,112,94
TCCA1,TCCA 1929,68.3,10.4,5.2,188,160,158
TCCA2,TCCA 1929,73.3,22.5,19.1,228,164,146
TCCA3,TCCA 1929,64.8,32.7,18.6,218,133,126
TCCA4,TCCA 1929,78.4,4,10.5,207,191,175
TCCA5,TCCA 1929,70.1,3.6,10.4,184,169,153
TCCA6,TCCA 1929,64.4,6.1,11.7,173,152,136
TCCA7,TCCA 1929,68.7,7.1,27.4,193,162,118
TCCA8,TCCA 1929,72.1,8.2,33,206,171,116
TCCA9,TCCA 1929,64.7,10.6,33.9,189,149,96
TCCA10,TCCA 1929,59.1,-3.2,3.2,138,144,137
TCCA11,TCCA 1929,55.8,-6.2,-2.9,120,137,138
TCCA12,TCCA 1929,47.6,-6.5,-3.7,98,116,119
TCCA13,TCCA 1929,66.1,-0.7,-0.7,159,161,162
TCCA14,TCCA 1929,49.7,-1.9,-14.9,104,120,143
TCCA15,TCCA 1929,33.5,3.7,-22.1,69,78,114
TCCA16,TCCA 1929,31,3.9,-27.3,57,72,116
TCCA17,TCCA 1929,74.6,15.9,10.6,217,173,165
TCCA18,TCCA 1929,69.3,27.9,8.4,220,150,155
TCCA19,TCCA 1929,54.7,34.4,9.4,188,106,117
TCCA20,TCCA 1929,39.5,33.8,10.8,145,68,77
TCCA21,TCCA 1929,65.2,14,14.6,189,149,133
TCCA22,TCCA 1929,51.4,15.7,17.1,155,112,94
TCCA23,TCCA 1929,28.3,15.4,9.2,92,57,53
TCCA24,TCCA 1929,70.3,5.8,14.9,190,168,145
TCCA25,TCCA 1929,64.8,5.7,15.2,175,153,130
TCCA26,TCCA 1929,56.5,7.2,16.7,156,131,107
TCCA27,TCCA 1929,49.2,8.4,13.1,137,111,95
TCCA28,TCCA 1929,71.9,-6.8,20.5,175,179,138
TCCA29,TCCA 1929,66.3,22.8,116.4,154,166,124
TCCA30,TCCA 1929,59.2,-11.9,18.8,131,148,109
TCCA31,TCCA 1929,47.2,-7.7,10.9,104,116,93
TCCA32,TCCA 1929,66.8,18.2,38.8,208,149,93
TCCA33,TCCA 1929,50.8,28.1,39.8,176,101,53
TCCA34,TCCA 1929,45.9,26.8,34.9,159,90,51
TCCA35,TCCA 1929,60.1,-5.3,-2.7,133,148,150
TCCA36,TCCA 1929,48.2,-7.3,-23.6,78,119,154
TCCA37,TCCA 1929,29.5,-1.9,-25.1,42,72,108
TCCA38,TCCA 1929,54.4,35.2,20.9,192,104,96
TCCA39,TCCA 1929,41.5,35.7,18.4,155,71,70
TCCA40,TCCA 1929,32.6,30,15.7,123,55,54
TCCA41,TCCA 1929,64.8,3.7,7.1,168,155,145
TCCA42,TCCA 1929,58.8,0.9,4.5,146,141,134
TCCA43,TCCA 1929,53.1,2.4,5,134,125,118
TCCA44,TCCA 1929,38.5,60.2,31.7,177,16,44
TCCA45,TCCA 1929,28.3,50.1,23.2,135,5,35
TCCA46,TCCA 1929,70,6.4,21.4,193,166,132
TCCA47,TCCA 1929,67.8,6.2,19,186,161,131
TCCA48,TCCA 1929,65.5,11.3,21.8,189,151,120
TCCA49,TCCA 1929,58.5,-7.2,4.9,130,144,132
TCCA50,TCCA 1929,50.4,-6.9,4.8,110,123,111
TCCA51,TCCA 1929,41.3,-7.5,3.4,86,101,92
TCCA52,TCCA 1929,48.1,15.1,20,146,104,81
TCCA53,TCCA 1929,38.9,15.9,17.6,122,81,64
TCCA54,TCCA 1929,26.2,10.6,9.6,81,56,48
TCCA55,TCCA 1929,16.6,2.6,-15.9,34,41,64
TCCA56,TCCA 1929,15.7,1.9,-13,33,39,58
TCCA57,TCCA 1929,56.9,-3.9,-14.7,118,139,162
TCCA58,TCCA 1929,50.3,-5.4,-20.3,92,124,154
TCCA59,TCCA 1929,34.5,-1.8,-25.4,55,83,122
TCCA60,TCCA 1929,61.6,33.8,0.5,204,125,149
TCCA61,TCCA 1929,46.6,39.1,-0.1,169,81,112
TCCA62,TCCA 1929,68.6,8,3.2,183,162,162
TCCA63,TCCA 1929,51.3,5.8,1.6,133,119,120
TCCA64,TCCA 1929,69.2,20.3,-1.3,204,156,175
TCCA65,TCCA 1929,62.8,29.9,-9.8,197,132,171
TCCA66,TCCA 1929,80.3,-3.6,44,213,200,115
TCCA67,TCCA 1929,74.1,-0.3,46.2,202,181,94
TCCA68,TCCA 1929,76.9,7.4,31.2,218,184,132
TCCA69,TCCA 1929,72.6,13,36.9,216,168,110
TCCA70,TCCA 1929,66.9,25.8,47.1,221,144,77
TCCA71,TCCA 1929,47.4,49.3,27.9,191,70,69
TCCA72,TCCA 1929,42.3,48.4,28.7,175,57,56
TCCA73,TCCA 1929,77.3,-9.4,13.3,181,196,166
TCCA74,TCCA 1929,67.7,-15.9,7.4,138,173,151
TCCA75,TCCA 1929,60.8,49,8.5,226,107,134
TCCA76,TCCA 1929,56.3,53.3,6.2,218,90,127
TCCA77,TCCA 1929,72.3,12.8,14.4,207,169,152
TCCA78,TCCA 1929,60.6,15.8,14.7,180,136,121
CB1,Cheney Brothers 1931,79.4,0.8,10.3,204,196,178
CB2,Cheney Brothers 1931,69.8,18.1,13,208,158,148
CB3,Cheney Brothers 1931,66.9,16.9,21.7,201,151,125
CB4,Cheney Brothers 1931,59,-14.7,-5.4,108,150,151
CB5,Cheney Brothers 1931,69.5,7.1,13.5,190,165,146
CB6,Cheney Brothers 1931,66.3,-4.4,22.9,165,163,120
CB7,Cheney Brothers 1931,49.2,5.9,-8.9,122,114,132
CB8,Cheney Brothers 1931,62.4,4.3,4,161,148,144
CB9,Cheney Brothers 1931,59,18.3,12.9,178,130,120
CB10,Cheney Brothers 1931,59.3,-7.7,5.2,131,147,133
CB11,Cheney Brothers 1931,6.35,9.3,23,180,147,113
CB12,Cheney Brothers 1931,44.2,-15.9,-13.6,58,113,127
CB13,Cheney Brothers 1931,53.4,29.1,25,182,107,86
CB14,Cheney Brothers 1931,52.2,-10.1,29.1,120,129,73
CB15,Cheney Brothers 1931,37.4,2.5,-27.4,70,88,132
CB16,Cheney Brothers 1931,57.1,9.4,12.5,159,131,116
CB17,Cheney Brothers 1931,42.2,-5.3,-2.3,89,102,103
CB18,Cheney Brothers 1931,54.3,5.9,5.2,143,126,121
CB19,Cheney Brothers 1931,42.8,-5.4,-11.5,82,104,120
CB20,Cheney Brothers 1931,41.7,-27,0.2,33,110,97
CB21,Cheney Brothers 1931,43.9,41,28.6,170,71,59
CB22,Cheney Brothers 1931,27.5,4.6,-24.8,53,64,103
CB23,Cheney Brothers 1931,49.9,18.9,30.1,159,106,68
CB24,Cheney Brothers 1931,36.9,17.5,16.7,119,75,61
CB25,Cheney Brothers 1931,27.4,18.9,-25.4,78,55,104
CB26,Cheney Brothers 1931,33,45,21.7,142,37,47
CB27,Cheney Brothers 1931,33.3,-14.1,6.2,56,84,68
CB28,Cheney Brothers 1931,28.9,-2.8,6.2,67,69,59
CB29,Cheney Brothers 1931,35.6,37.1,7.1,137,55,74
CB30,Cheney Brothers 1931,35.7,-0.5,-13.8,73,85,106
CB31,Cheney Brothers 1931,29.1,21,14.5,102,55,47
ABCLS1,ABC Linda Satin 1949,94.6,0.2,5.5,244,239,229
ABCLS2,ABC Linda Satin 1949,86,11.6,2.2,240,209,213
ABCLS3,ABC Linda Satin 1949,70.3,-14.6,-18.7,123,181,205
ABCLS4,ABC Linda Satin 1949,80.5,1.4,4.4,203,199,197
ABCLS5,ABC Linda Satin 1949,50.3,2.3,-3.1,122,118,125
ABCLS6,ABC Linda Satin 1949,60.9,3.3,9.7,158,145,130
ABCLS7,ABC Linda Satin 1949,43.5,34.1,228.3,0,114,144
ABCLS8,ABC Linda Satin 1949,61.2,-11.8,-10.2,116,155,165
ABCLS9,ABC Linda Satin 1949,74.9,1.3,41.1,205,182,107
ABCLS10,ABC Linda Satin 1949,69.7,18.2,22.4,212,158,131
ABCLS11,ABC Linda Satin 1949,59.3,2.6,37.8,163,140,75
ABCLS12,ABC Linda Satin 1949,36.8,7.4,6.2,96,84,77
ABCLS13,ABC Linda Satin 1949,25.8,-11.7,0.5,40,66,60
ABCLS14,ABC Linda Satin 1949,43,15.5,2,127,92,99
ABCLS15,ABC Linda Satin 1949,18.9,15.1,6.1,68,37,38
ABCLS16,ABC Linda Satin 1949,32,11.9,-14.3,86,69,98
ABCLS17,ABC Linda Satin 1949,15.8,4.5,-24.1,26,38,74
ABCLS18,ABC Linda Satin 1949,18.9,15.1,6.1,68,37,38
ABCLS19,ABC Linda Satin 1949,12.1,13.6,-18.1,40,25,57
ABCLS20,ABC Linda Satin 1949,20.2,-18.5,2.6,10,56,44
ABCLS21,ABC Linda Satin 1949,23.5,0,-6.1,52,56,65
ABCLS22,ABC Linda Satin 1949,36.3,-14.4,-11.8,44,92,104
ABCLS23,ABC Linda Satin 1949,32.2,7.9,40.8,87,72,68
ABCLS24,ABC Linda Satin 1949,25.7,-10,-0.3,43,65,61
ABCLS25,ABC Linda Satin 1949,42.1,62.4,33.4,191,27,50
ABCLS26,ABC Linda Satin 1949,31.5,2.3,-18.5,65,74,103
ABCLS27,ABC Linda Satin 1949,24.5,2.3,5.2,59,57,66
ABCT1,ABC TOPALL 1949,86.1,-0.5,5,217,215,206
ABCT2,ABC TOPALL 1949,51.2,0.8,0,123,122,122
ABCT3,ABC TOPALL 1949,34.6,-21.6,10.4,45,90,64
ABCT4,ABC TOPALL 1949,38.7,-3.3,-26.8,59,94,134
ABCT5,ABC TOPALL 1949,26.5,21.6,10.9,96,49,47
ABCT6,ABC TOPALL 1949,30,-12.8,1,48,76,69
ABCT7,ABC TOPALL 1949,24.3,-0.6,-24,34,59,94
ABCT8,ABC TOPALL 1949,37.3,54.5,28.5,167,31,46
ABCT9,ABC TOPALL 1949,30,14.8,-17,84,63,97
ABCT10,ABC TOPALL 1949,20.5,-8.6,0.8,35,53,48
ABCT11,ABC TOPALL 1949,23.4,29.2,7.3,95,34,46
ABCT12,ABC TOPALL 1949,32.7,-18.1,-8.4,27,85,89
ABCT13,ABC TOPALL 1949,17.7,5,3.9,52,41,38
ABCT14,ABC TOPALL 1949,15.7,3.4,-12.9,36,38,58
ABCT15,ABC TOPALL 1949,13.2,0.8,-1.9,34,34,37
ABCT16,ABC TOPALL 1949,81.9,4,43.1,224,202,121
ABCT17,ABC TOPALL 1949,52.6,-6.3,-21.9,94,130,163
ABCT18,ABC TOPALL 1949,58.5,2.9,-2.6,144,139,145
ABCT19,ABC TOPALL 1949,60.2,35.8,4.2,204,119,139
ABCT20,ABC TOPALL 1949,67.2,-9.4,39.6,165,168,90
ABCT21,ABC TOPALL 1949,59.3,-14.4,10.5,121,150,123
ABCT22,ABC TOPALL 1949,68.4,11.2,80.3,176,165,147
ABCFB1,ABC FB 1949,84.2,-0.1,8.8,215,210,193
ABCFB2,ABC FB 1949,75.9,11.8,9.5,214,179,170
ABCFB3,ABC FB 1949,63.5,-5.5,-16.4,130,158,183
ABCFB4,ABC FB 1949,43.5,-0.8,-31.7,71,105,155
ABCFB5,ABC FB 1949,80.4,5.1,38.1,226,195,128
ABCFB6,ABC FB 1949,70.7,-16.7,5.8,143,182,162
ABCFB7,ABC FB 1949,67.5,11,-6.1,180,158,176
ABCFB8,ABC FB 1949,43.5,-0.8,-31.7,71,105,155
ABCFB9,ABC FB 1949,6937,4.1,14.4,185,167,144
ABCFB10,ABC FB 1949,66.4,-15.1,-7,125,170,173
ABCFB11,ABC FB 1949,62.8,33.5,36,204,133,118
ABCFB12,ABC FB 1949,29.1,0.5,-35.8,25,70,124
ABCFB13,ABC FB 1949,37.7,60.4,30.4,175,10,45
ABCFB14,ABC FB 1949,40.9,-28.9,-2.8,7,109,100
ABCFB15,ABC FB 1949,40.5,31.1,24.9,148,73,57
ABCFB16,ABC FB 1949,44.8,-11.4,-24.9,54,113,147
ABCFB17,ABC FB 1949,59.9,-0.7,-0.8,143,145,146
ABCFB18,ABC FB 1949,29.3,8.8,9.8,86,64,54
ABCFB19,ABC FB 1949,29.7,-15,-1.3,40,77,71
ABCFB20,ABC FB 1949,17.9,20.6,-1,70,31,46
ABCFB21,ABC FB 1949,19,1.9,-16.2,38,46,70
ABCFB22,ABC FB 1949,15.8,0.5,-0.8,40,39,40
ABCWF1,ABC Wearproof Serge 1949,32.4,-11.4,-15.5,37,82,100
ABCWF2,ABC Wearproof Serge 1949,55.7,10.3,17.1,158,126,104
ABCWF3,ABC Wearproof Serge 1949,83.4,1.5,7.7,215,207,193
ABCWF4,ABC Wearproof Serge 1949,66.8,19.1,9.4,200,150,147
ABCWF5,ABC Wearproof Serge 1949,58.3,-7.8,-22.4,105,145,179
ABCWF6,ABC Wearproof Serge 1949,79.3,2.3,30.8,216,194,139
ABCWF7,ABC Wearproof Serge 1949,60.5,-17.8,-8.2,101,156,160
ABCWF8,ABC Wearproof Serge 1949,43.7,61.5,27.9,194,36,62
ABCWF9,ABC Wearproof Serge 1949,67.7,2.1,-1.3,168,164,167
ABCWF10,ABC Wearproof Serge 1949,51.6,4,0.7,130,121,124
ABCWF11,ABC Wearproof Serge 1949,48,907,-0.04,130,108,115
ABCWF12,ABC Wearproof Serge 1949,44.2,-13.8,7.7,84,111,91
ABCWF13,ABC Wearproof Serge 1949,44.5,-3.3,-15.9,87,108,132
ABCWF14,ABC Wearproof Serge 1949,27.1,-8.2,0.3,50,68,63
ABCWF15,ABC Wearproof Serge 1949,67.9,7.1,17.4,187,160,134
ABCWF16,ABC Wearproof Serge 1949,59.5,11.3,19.5,171,136,110
ABCWF17,ABC Wearproof Serge 1949,46.3,3.5,3.5,117,108,104
ABCWF18,ABC Wearproof Serge 1949,39.8,97.1,6.1,108,90,84
ABCWF19,ABC Wearproof Serge 1949,37.1,47.9,14.5,156,44,67
ABCWF20,ABC Wearproof Serge 1949,29.8,-0.3,31.4,36,72,119
ABCWF21,ABC Wearproof Serge 1949,37.1,-9.4,-14.6,56,93,111
ABCWF22,ABC Wearproof Serge 1949,40,32,11.1,144,71,78
ABCWF23,ABC Wearproof Serge 1949,39.3,-30.2,12.2,31,105,71
ABCWF24,ABC Wearproof Serge 1949,28.4,17,12.9,92,57,62
ABCWF25,ABC Wearproof Serge 1949,20.7,2.2,-9.7,47,49,64
ABCWF26,ABC Wearproof Serge 1949,14.9,0,-1.8,37,38,40
ABCN1,ABC NUQT 1959,56,-5.7,-21,105,138,170
ABCN2,ABC NUQT 1959,86.9,-0.4,5.8,221,218,207
ABCN3,ABC NUQT 1959,73.7,18.9,10.9,220,168,162
ABCN4,ABC NUQT 1959,56,-5.7,-21,105,138,170
ABCN5,ABC NUQT 1959,79.8,2,11.9,208,196,176
ABCN6,ABC NUQT 1959,80.2,2.8,53.1,226,195,96
ABCN7,ABC NUQT 1959,71,-0.6,4.3,175,174,166
ABCN8,ABC NUQT 1959,61,-16.8,-13.8,99,156,171
ABCN9,ABC NUQT 1959,54.6,-0.4,0.5,130,131,130
ABCN10,ABC NUQT 1959,53.4,55.8,24.3,217,78,90
ABCN11,ABC NUQT 1959,38.7,10.7,-22.1,94,86,127
ABCN12,ABC NUQT 1959,69.6,10.9,42.1,206,162,93
ABCN13,ABC NUQT 1959,48,59.7,32.4,206,55,64
ABCN14,ABC NUQT 1959,41.4,13.2,14.9,124,89,74
ABCN15,ABC NUQT 1959,44.4,-20.1,11.6,73,114,85
ABCN16,ABC NUQT 1959,41.3,63.9,36.2,191,16,43
ABCN17,ABC NUQT 1959,18.9,10.7,-34.5,32,42,97
ABCN18,ABC NUQT 1959,31.3,1.2,-3.9,73,73,80
ABCN19,ABC NUQT 1959,27.6,-13,1.4,42,71,63
ABCN20,ABC NUQT 1959,24.7,7,5.8,71,55,50
ABCN21,ABC NUQT 1959,17.3,1.7,-12.5,37,42,61
ABCN22,ABC NUQT 1959,15.7,0,-0.7,39,39,40
ABCFP1,ABC FP 1959,42.4,65.8,34.8,196,13,48
ABCFP2,ABC FP 1959,85.5,0,4.9,217,214,204
ABCFP3,ABC FP 1959,78.1,16.9,9.3,228,182,177
ABCFP4,ABC FP 1959,63.7,-3,-17.4,135,157,185
ABCFP5,ABC FP 1959,82.3,1.5,43.6,228,202,121
ABCFP6,ABC FP 1959,75.6,-14,6.3,162,194,174
ABCFP7,ABC FP 1959,67.3,32.2,11.7,219,142,154
ABCFP8,ABC FP 1959,49.9,28.9,261.6,84,122,167
ABCFP9,ABC FP 1959,71.8,-17.6,17.7,152,185,143
ABCFP10,ABC FP 1959,71.6,7.4,-8.4,184,171,191
ABCFP11,ABC FP 1959,67.2,-17.8,-6.2,120,173,174
ABCFP12,ABC FP 1959,63.9,0.6,2.3,157,154,151
ABCFP13,ABC FP 1959,51.6,-17.2,1.3,89,132,120
ABCFP14,ABC FP 1959,58.8,12.9,-11.6,157,134,162
ABCFP15,ABC FP 1959,36.1,2.6,-35.8,54,86,143
ABCFP16,ABC FP 1959,77,14.2,55.6,236,179,84
ABCFP17,ABC FP 1959,56.1,44.8,4.2,205,100,129
ABCFP18,ABC FP 1959,72.6,3.6,11.9,191,175,157
ABCFP19,ABC FP 1959,71.6,-5.5,50.2,187,177,79
ABCFP20,ABC FP 1959,51.3,64.3,44.5,224,56,51
ABCFP21,ABC FP 1959,49.7,-6.9,22.2,117,121,80
ABCFP22,ABC FP 1959,53,-14.3,-16.3,81,134,154
ABCFP23,ABC FP 1959,43.5,65.4,33.1,199,22,54
ABCFP24,ABC FP 1959,49,-33.6,20.2,56,131,80
ABCFP25,ABC FP 1959,36.5,2.2,-3.8,87,85,92
ABCFP26,ABC FP 1959,26.3,6.8,-37.1,36,61,119
ABCFP27,ABC FP 1959,35.1,59.3,26.5,165,0,45
ABCFP28,ABC FP 1959,27.8,25.8,-31.4,85,51,115
ABCFP29,ABC FP 1959,35.1,-18.2,-2.9,42,91,86
ABCFP30,ABC FP 1959,24.1,11,31.8,73,52,49
ABCFP31,ABC FP 1959,21,17.6,283.1,45,49,76
ABCFP32,ABC FP 1959,14.8,0.9,-0.5,38,37,38
ABCTT1,ABC TT 1959,55,-23.4,-25.9,25,144,176
ABCTT2,ABC TT 1959,85.2,0.4,4.5,216,212,204
ABCTT3,ABC TT 1959,76.9,12.8,4.5,216,181,182
ABCTT4,ABC TT 1959,66.1,-3.7,-21.1,136,164,198
ABCTT5,ABC TT 1959,82.3,3,8.1,215,203,190
ABCTT6,ABC TT 1959,69.6,-12.6,-10.8,135,178,189
ABCTT7,ABC TT 1959,72.6,14.6,-9.7,199,169,196
ABCTT8,ABC TT 1959,67,32.4,1.6,218,140,162
ABCTT9,ABC TT 1959,66.1,-9,9.8,150,165,143
ABCTT10,ABC TT 1959,86,2,39.8,238,212,139
ABCTT11,ABC TT 1959,57,1.7,-28.4,117,137,186
ABCTT12,ABC TT 1959,50.6,16.3,13.8,153,110,98
ABCTT13,ABC TT 1959,55,-23.4,-25.9,25,144,176
ABCTT14,ABC TT 1959,50.7,13.6,-18.8,132,113,153
ABCTT15,ABC TT 1959,49.2,59.9,5.1,204,60,111
ABCTT16,ABC TT 1959,52.5,-14.1,22.4,111,132,86
ABCTT17,ABC TT 1959,49.3,60.1,25.5,210,59,78
ABCTT18,ABC TT 1959,25.9,19.9,-26,75,51,101
ABCTT19,ABC TT 1959,59.3,7.5,6.5,159,138,132
ABCTT20,ABC TT 1959,65.9,0,-1.8,159,160,163
ABCTT21,ABC TT 1959,24,2,-16.2,49,57,82
ABCTT22,ABC TT 1959,18.1,0.3,-1.4,44,44,46
IH1,Indian Head 1959,42.3,-3.3,-22.4,74,103,136
IH2,Indian Head 1959,46.9,45.6,32.5,185,73,60
IH3,Indian Head 1959,71.4,-15.2,40.9,166,182,97
IH4,Indian Head 1959,33.9,16,13.5,108,70,59
IH5,Indian Head 1959,68,-13,-6,134,173,176
IH6,Indian Head 1959,77.8,3,10.8,204,190,172
IH7,Indian Head 1959,33.4,7.4,-30.4,67,76,127
IH8,Indian Head 1959,65.1,7.6,38.6,187,152,88
IH9,Indian Head 1959,39.9,63.9,35.7,186,4,41
IH10,Indian Head 1959,28.8,0.5,193.2,68,68,69
IH11,Indian Head 1959,51.4,-14.3,12.6,103,129,100
IH12,Indian Head 1959,58.1,5.1,10.4,154,136,122
IH13,Indian Head 1959,77.6,2.3,55.4,218,188,84
IH14,Indian Head 1959,45.4,51.9,24.4,187,61,70
IH15,Indian Head 1959,18.4,2.9,-14.6,40,44,66
IH16,Indian Head 1959,41.5,-36.1,9.6,0,113,80
IH17,Indian Head 1959,57.9,-3.9,-24,111,142,181
IH18,Indian Head 1959,66.7,26.6,16.9,214,143,133
IH19,Indian Head 1959,60.1,28,155.3,100,157,123
IH20,Indian Head 1959,25.8,7.7,-37.9,36,59,119
IH21,Indian Head 1959,38.4,-12.2,17.9,78,96,60
IH22,Indian Head 1959,49.2,7.5,266.6,111,117,129
IH23,Indian Head 1959,60.3,33.7,5.9,202,121,137
IH24,Indian Head 1959,54.8,-7.4,-5.1,114,135,140
IH25,Indian Head 1959,67.5,0.1,1.5,166,164,162
IH26,Indian Head 1959,48.3,-19.4,-18.6,47,125,145
IH27,Indian Head 1959,77,16.8,3.5,222,179,184
IH28,Indian Head 1959,26.7,36.8,5.2,112,33,57
IH29,Indian Head 1959,70,6.2,15.8,191,167,143
IH30,Indian Head 1959,60.3,-11.3,2.5,125,151,141
IH31,Indian Head 1959,54,42.3,20.5,200,96,96
IH32,Indian Head 1959,34.2,-13.7,0.9,55,87,79
IH33,Indian Head 1959,64.1,-8.8,1.7,139,160,152
IH34,Indian Head 1959,44.6,12.9,12.6,131,97,85
IH35,Indian Head 1959,39.2,2.9,-35.3,64,93,150
IH36,Indian Head 1959,78.1,5.8,37.1,221,188,124
IH37,Indian Head 1959,33.1,55,27.5,155,9,39
IH38,Indian Head 1959,62,0.6,-0.6,151,150,151
IH39,Indian Head 1959,57.8,-16.9,-7.8,97,148,152
IH40,Indian Head 1959,24.2,15,9.3,81,48,44
IH41,Indian Head 1959,82.4,1.3,7.7,212,204,191
IH42,Indian Head 1959,70.4,12.6,47.1,212,163,85
IH43,Indian Head 1959,69.2,8.4,-3.7,182,164,176
IH44,Indian Head 1959,24.3,15.8,-20.8,69,50,89
IH45,Indian Head 1959,57.8,-30,-2.4,64,153,142
IH46,Indian Head 1959,59.3,11.5,16.1,170,135,115
IH47,Indian Head 1959,41.3,-29.8,2.6,21,110,92
IH48,Indian Head 1959,51.4,0.7,-27,102,124,169
IH49,Indian Head 1959,74.3,19.7,20.1,219,170,171
IH50,Indian Head 1959,18,0.7,-2,44,44,47
